name,code
阿尔茨海默概念,308614
AI PC,309121
AI手机,309120
AI语料,309126
阿里巴巴概念,301558
安防,300800
白酒概念,301496
BC电池,309084
百度概念,301259
丙烯酸,305376
冰雪产业,307550
比亚迪概念,308972
参股保险,300018
宁德时代概念,306912
参股券商,300100
草甘膦,300157
参股银行,301270
长安汽车概念,309094
长三角一体化,308432
超超临界发电,308969
超导概念,309056
超级电容,300926
超级品牌,306750
车联网(车路协同),300163
成飞概念,309045
充电桩,300786
宠物经济,308588
重组蛋白,308822
抽水蓄能,308753
传感器,301016
创投,300168
创新药,308014
储能,306380
存储芯片,307940
大豆,301123
大飞机,300013
代糖概念,308696
国家大基金持股,307816
锂电池概念,300733
电子竞技,302027
电子身份证,308869
低空经济,309115
第三代半导体,308700
地下管网,301623
电力物联网,308477
动力电池回收,307822
东数西算(算力),308828
动物疫苗,308537
抖音概念(字节概念),308366
短剧游戏,309093
独角兽概念,308002
多模态AI,309104
电子纸,301135
EDR概念,308803
ERP概念,309058
三胎概念,300891
ETC,308555
俄乌冲突概念,308850
F5G概念,308977
仿制药一致性评价,308572
钒电池,301174
飞行汽车(eVTOL),309113
风电,300200
芬太尼,308438
氟化工概念,300085
福建自贸区,301236
富士康概念,307954
辅助生殖,308708
钙钛矿电池,308991
肝炎概念,308915
高端装备,300890
高股息精选,309124
高铁,301518
高压快充,308806
高压氧舱,309023
共封装光学(CPO),309049
共同富裕示范区,308732
工业大麻,301477
工业互联网,301780
工业母机,300941
股权转让(并购重组),302154
广东自贸区,301630
光伏概念,301079
光刻机,309085
光刻胶,308582
光热发电,300223
固废处理,300221
硅能源,308829
国产操作系统,308531
军工,300082
国企改革,309034
国资云,308874
固态电池,308294
金属钴,302174
共享单车,302166
供销社,301669
海工装备,300105
海南自贸区,308428
海峡两岸,300066
航空发动机,301470
国产航母,300236
航运概念,300973
毫米波雷达,309051
合成生物,309129
核电,300238
黑龙江自贸区,308547
横琴新区,300087
核污染防治,301424
互联网金融,301209
鸿蒙概念,308731
猴痘概念,308941
化肥,301104
换电概念,308775
黄金概念,300248
环氧丙烷,308202
华为概念,301459
华为海思概念股,308527
华为鲲鹏,308883
华为欧拉,308887
华为汽车,308507
华为昇腾,309090
沪股通,301490
互联网保险,301628
减肥药,309081
减速器,309000
建筑节能,300261
家庭医生,308885
家用电器,300814
京津冀一体化,300061
净水概念,301032
金属回收,301107
金属铅,308864
金属锌,301582
机器人概念,300816
机器视觉,301258
基因测序,301146
军工信息化,309128
军民融合,301786
举牌,300269
科创次新股,308699
可降解塑料,301117
可控核聚变,309108
可燃冰,300277
空间计算,309066
空气能热泵,309007
快手概念,308659
跨境电商,301564
垃圾分类,308566
冷链物流,301179
两轮车,301248
粮食概念,308956
量子科技,300830
磷化工,300098
流感,300038
露营经济,308926
绿色电力,308760
生态农业,300923
旅游概念,301223
毛发医疗,308893
蚂蚁集团概念,302150
煤化工概念,300084
煤炭概念,308716
免税店,308657
民爆概念,308834
MiniLED,308628
民营医院,301346
钠离子电池,301096
脑机接口,308535
NFT概念,308748
金属镍,301511
农村电商,301632
农机,301306
农业种植,308016
OLED,301154
PCB概念,308832
PEEK材料,309105
培育钻石,308774
PET铜箔,309030
啤酒概念,301497
拼多多概念,308709
苹果概念,300309
PM2.5,300134
POE胶膜,309040
PPP概念,301624
汽车拆解概念,308694
汽车电子,301471
汽车热管理,308805
汽车芯片,308725
期货概念,300220
青蒿素,301794
氢能源,308491
禽流感,300075
区块链,302045
染料,301292
燃料电池,300316
人工智能,302035
人形机器人,309119
人造肉,308517
人脸识别,301166
融资融券,300900
柔性屏(折叠屏),308467
柔性直流输电,308810
乳业,300983
赛马概念,301602
上海国企改革,301402
上海自贸区,301128
商业航天,309130
深股通,301636
生物疫苗,300106
生物质能发电,308989
深圳国企改革,301171
时空大数据,300180
石墨电极,307512
石墨烯,300337
食品安全,300023
手机游戏,301050
水利,300345
水泥概念,307826
数据安全,308801
数据确权,309037
数据要素,309060
数据中心,308642
数字货币,301997
数字经济,308870
数字孪生,308479
数字水印,309050
数字乡村,308525
Sora概念(文生视频),309118
ST板块,300862
算力租赁,309068
钛白粉概念,300351
太赫兹,300795
碳交易,300931
碳纤维,300352
碳中和,308728
特钢概念,300845
特高压,300353
腾讯概念,302010
特色小镇,302674
特斯拉概念,301121
天津自贸区,301229
天然气,300358
体育产业,301605
金属铜,301577
同花顺出海50,309127
同花顺漂亮100,308718
同花顺中特估100,309062
铜缆高速连接,309125
统一大市场,308901
TOPCON电池,308992
土地流转,300858
托育服务,308862
土壤修复,300925
网红经济,308630
网络游戏,300019
网约车,302142
MCU芯片,308300
卫星导航,300722
文化传媒概念,300806
WiFi 6,308791
物联网,300378
无人机,300889
无人驾驶,301286
无人零售,304756
污水处理,300374
无线充电,300723
无线耳机,308612
物业管理,308717
雄安新区,302182
乡村振兴,300836
先进封装,309004
消毒剂,308636
消费电子概念,308384
小金属概念,300809
小米概念,301278
小米汽车,309106
细胞免疫治疗,301543
信创,309020
星闪概念,309086
新股与次新股,300870
新疆振兴,300386
新能源汽车,300008
芯片概念,301085
信托概念,301377
网络安全,300756
新型城镇化,300841
新型工业化,309089
新型烟草(电子烟),301362
稀土永磁,300382
血氧仪,309042
虚拟电厂,308761
虚拟数字人,308794
虚拟现实,301699
牙科医疗,308733
烟草,308560
养鸡,301576
养老概念,301494
央企国企改革,301546
盐湖提锂,307904
眼科医疗,301252
液冷服务器,309061
页岩气,300402
一带一路,301365
移动支付,300188
医疗废物处理,308638
医美概念,308712
英伟达概念,309065
一体化压铸,308984
医疗器械概念,301505
有机硅概念,301279
幽门螺杆菌概念,308818
元宇宙,308752
粤港澳大湾区,301491
玉米,301572
云办公,308634
云计算,300419
云游戏,308624
语音技术,300917
预制菜,308814
医药电商,301565
在线教育,301227
中船系,301713
化债概念(AMC概念),302046
智慧城市,300642
智慧灯杆,308841
智慧政务,308606
智能穿戴,301175
智能电网,300037
智能家居,300920
智能物流,301797
智能医疗,300682
智能音箱,302131
智能座舱,309092
知识产权保护,308172
职业教育,301539
中俄贸易概念,308854
中韩自贸区,301541
中芯国际概念,308690
中字头股票,300704
专精特新,308740
转基因,300435
注册制次新股,308697
猪肉,300451
证金持股,301715
摘帽,301455
装配式建筑,305794
足球概念,301100
租售同权,302034
自由贸易港,306398
3D打印,300127
5G,300843
6G概念,309055
2026一季报预增,309265
AI应用,309264
2025年报预增,309263
雅下水电概念,309261
中国AI 50,309187
兵装重组概念,309185
DeepSeek概念,309184
AI智能体,309183
小红书概念,309182
同花顺新质50,309177
IP经济(谷子经济),309174
华为盘古,309170
华为数字能源,309169
华为手机,309167
智谱AI,309164
回购增持再贷款概念,309163
房屋检测,309155
西部大开发,309154
AI眼镜,309152
光纤概念,309151
同花顺果指数,309136
维生素,309135
财税数字化,309134
