序号,代码,名称,市场代码简称,最新价(元) 2026.04.30,涨跌幅(%) 2026.04.30,涨停 2026.04.30,涨停首次封板时间 2026.04.30,涨停封单额(元) 2026.04.30,涨停封单量(股) 2026.04.30,首板 2026.04.30,涨跌额(元) 2026.04.30,最高价(元) 2026.04.30,最低价(元) 2026.04.30,换手率(%) 2026.04.30,量比 2026.04.30,成交量(股) 2026.04.30,成交额(元) 2026.04.30,市盈率(动)(倍) 2026.04.30,市净率(倍) 2026.04.30,总市值(元) 2026.04.30,流通市值(元) 2026.04.30,CHOICE_INNER_CODE,IN_OPTIONAL
1,603828,*ST利达,SH,4.79,5.04,涨停,14:48:53,80.28万,16.76万,首板,0.230,4.79,4.33,2.10,1.89,1252.94万,5578.86万,234.25,5.5749,28.55亿,28.55亿,1000305041,False
2,002929,润建股份,SZ,59.68,10.01,涨停,14:40:15,8274.12万,138.64万,首板,5.430,59.68,55.66,14.34,2.09,3019.80万,17.64亿,336.34,2.6744,169.54亿,125.66亿,1000734417,False
3,600400,红豆股份,SH,2.76,9.96,涨停,14:34:54,7411.62万,2685.37万,首板,0.250,2.76,2.49,8.35,1.67,1.91亿,5.09亿,282.30,4.5593,63.24亿,63.24亿,1000008764,False
4,603687,大胜达,SH,17.18,9.99,涨停,14:25:33,1.53亿,888.61万,首板,1.560,17.18,15.60,12.64,0.96,6952.51万,11.54亿,107.07,2.8877,94.50亿,94.50亿,1001247940,False
5,001215,千味央厨,SZ,46.86,10.00,涨停,14:22:24,7835.93万,167.22万,首板,4.260,46.86,41.80,10.10,1.02,978.54万,4.35亿,50.36,2.4494,45.53亿,45.41亿,1002281110,False
6,002685,华东重机,SZ,9.15,9.98,涨停,14:15:03,5405.79万,590.80万,首板,0.830,9.15,8.29,13.76,2.22,1.39亿,12.21亿,42.58,5.5901,92.20亿,92.19亿,1000008960,False
7,603389,*ST亚振,SH,61.82,4.99,涨停,13:59:11,897.50万,14.52万,首板,2.940,61.82,58.81,1.12,1.21,294.69万,1.78亿,-274.65,81.0080,162.43亿,162.43亿,1000303917,False
8,001268,联合精密,SZ,38.41,9.99,涨停,13:50:00,1.02亿,264.54万,首板,3.490,38.41,34.92,7.08,1.19,477.17万,1.77亿,-591.36,4.0711,41.46亿,25.90亿,1002650676,False
9,002977,*ST天箭,SZ,27.11,5.00,涨停,13:45:48,631.91万,23.31万,首板,1.290,27.11,25.56,8.68,1.22,578.28万,1.53亿,208.84,3.8288,32.56亿,18.07亿,1001606678,False
10,688256,寒武纪,SH,1699.96,20.00,涨停,13:44:38,7.54亿,44.35万,首板,283.330,1699.96,1475.00,4.24,2.04,1788.43万,284.66亿,176.87,58.5716,7168.48亿,7168.48亿,1002195026,False
11,000833,粤桂股份,SZ,31.72,9.99,涨停,13:41:42,1.06亿,333.25万,首板,2.880,31.72,28.93,14.37,1.29,6518.42万,19.73亿,29.49,6.1224,254.42亿,143.91亿,1000000356,False
12,605222,起帆电缆,SH,36.37,10.01,涨停,13:41:13,4900.49万,134.74万,首板,3.310,36.37,32.76,5.10,0.93,2106.03万,7.28亿,39.38,3.1906,150.17亿,150.17亿,1001867282,False
13,603375,盛景微,SH,45.25,9.99,涨停,13:40:33,1189.17万,26.28万,首板,4.110,45.25,40.99,9.64,2.75,614.82万,2.70亿,461.72,2.9412,45.55亿,28.86亿,1002662534,False
14,002158,汉钟精机,SZ,27.61,10.00,涨停,13:32:36,1.06亿,384.13万,首板,2.510,27.61,25.03,2.89,2.17,1539.90万,4.10亿,30.36,3.3095,147.64亿,147.32亿,1000007697,False
15,000007,全新好,SZ,15.51,10.00,涨停,13:32:33,4057.26万,261.59万,首板,1.410,15.51,14.08,3.35,1.72,1159.43万,1.73亿,-618.86,30.0036,53.73亿,53.73亿,1000001643,False
16,002989,中天精装,SZ,29.21,10.02,涨停,13:27:15,7089.09万,242.69万,首板,2.660,29.21,27.55,4.91,1.83,899.30万,2.56亿,-164.27,4.2257,58.89亿,53.55亿,1000877426,False
17,603717,天域生物,SH,7.54,10.07,涨停,13:19:27,9339.27万,1238.63万,首板,0.690,7.54,6.89,6.54,2.43,1896.88万,1.38亿,-52.00,5.7201,21.88亿,21.88亿,1000501657,False
18,600714,金瑞矿业,SH,22.10,10.00,涨停,13:13:15,9181.00万,415.43万,-,2.010,22.10,20.60,16.46,3.11,4744.12万,10.18亿,-1470.89,8.4583,63.69亿,63.69亿,1000001833,False
19,688400,凌云光,SH,59.32,20.01,涨停,13:11:32,8424.60万,142.02万,首板,9.890,59.32,50.40,8.71,2.40,4016.28万,21.98亿,35.58,4.9818,284.28亿,273.45亿,1002510656,False
20,603897,长城科技,SH,52.36,10.00,涨停,13:03:12,4710.31万,89.96万,首板,4.760,52.36,47.80,4.94,1.11,1019.22万,5.14亿,60.58,4.2627,108.09亿,108.09亿,1000944163,False
21,603360,百傲化学,SH,22.66,10.00,涨停,13:02:28,9817.30万,433.24万,首板,2.060,22.66,20.49,6.08,2.51,4295.86万,9.32亿,201.77,11.3492,160.03亿,160.03亿,1000408497,False
22,605376,博迁新材,SH,131.58,10.00,涨停,11:26:57,1555.28万,11.82万,首板,11.960,131.58,119.70,6.27,1.36,1641.31万,21.25亿,120.14,19.5542,344.21亿,344.21亿,1001898941,False
23,002870,香山股份,SZ,39.58,10.01,涨停,11:16:03,7128.36万,180.10万,首板,3.600,39.58,36.22,8.13,4.74,1048.03万,4.06亿,-124.80,3.1947,52.28亿,51.04亿,1000495831,False
24,688521,芯原股份,SH,280.88,20.00,涨停,11:09:04,3.47亿,123.70万,首板,46.810,280.88,260.00,7.78,1.74,4090.52万,111.24亿,-108.35,46.9396,1477.19亿,1477.19亿,1001855441,False
25,000628,高新发展,SZ,66.18,10.01,涨停,10:51:45,1.07亿,161.13万,首板,6.020,66.18,57.90,9.70,1.11,1864.74万,11.72亿,3256.25,10.6009,233.14亿,127.22亿,1000004186,False
26,920125,鸿仕达,BJ,87.20,29.99,涨停,10:49:18,3409.01万,39.09万,-,20.120,87.20,70.00,29.70,0.52,489.46万,3.81亿,861.25,7.1741,48.97亿,14.37亿,1004243967,False
27,601106,中国一重,SH,4.54,9.93,涨停,10:36:37,1.19亿,2625.26万,首板,0.410,4.54,4.08,2.40,2.81,1.65亿,7.17亿,4008.60,6.0277,311.34亿,311.34亿,1000007891,False
28,300885,海昌新材,SZ,28.64,19.98,涨停,10:35:54,9503.70万,331.83万,首板,4.770,28.64,24.33,16.71,4.29,2790.98万,7.51亿,73.77,7.7692,71.07亿,47.83亿,1001861280,False
29,603559,ST通脉,SH,7.64,4.95,涨停,10:31:29,621.09万,81.29万,首板,0.360,7.64,7.21,2.17,1.69,870.37万,6565.19万,113.73,3.9163,30.66亿,30.66亿,1000326755,False
30,603131,上海沪工,SH,22.52,10.01,涨停,10:29:26,1.58亿,700.61万,首板,2.050,22.52,20.43,4.40,1.92,1483.14万,3.24亿,161.17,4.5950,75.87亿,75.87亿,1000316527,False
31,002149,西部材料,SZ,63.51,9.99,涨停,10:29:24,1.73亿,272.28万,首板,5.770,63.51,57.46,15.66,0.94,7642.53万,46.84亿,842.86,8.3272,310.06亿,310.02亿,1000006775,False
32,002785,万里石,SZ,51.16,10.00,涨停,10:28:00,949.53万,18.56万,首板,4.650,51.16,47.30,12.14,2.05,2349.71万,11.76亿,4824.20,14.5784,115.94亿,98.99亿,1000323784,False
33,001270,*ST铖昌,SZ,140.35,5.00,涨停,10:27:27,1.17亿,83.14万,首板,6.680,140.35,132.00,2.85,0.82,580.18万,7.98亿,161.70,18.5393,289.28亿,285.61亿,1002686345,False
34,002081,金 螳 螂,SZ,5.90,10.07,涨停,10:24:15,8681.04万,1471.36万,-,0.540,5.90,5.07,21.77,1.45,5.76亿,32.20亿,22.23,1.1244,156.66亿,156.01亿,1000006073,False
35,600476,*ST湘邮,SH,11.56,5.00,涨停,10:20:17,1313.07万,113.59万,首板,0.550,11.56,10.77,5.07,0.82,816.89万,9128.51万,177.17,-4.2133,18.62亿,18.62亿,1000001752,False
36,600246,万通发展,SH,11.28,10.05,涨停,10:17:50,5838.64万,517.61万,首板,1.030,11.28,10.31,8.67,1.70,1.64亿,18.12亿,-48.80,4.7979,219.17亿,213.24亿,1000001812,False
37,000066,中国长城,SZ,19.82,9.99,涨停,10:16:27,5.43亿,2738.86万,首板,1.800,19.82,18.39,13.38,1.37,4.32亿,83.21亿,-191.16,5.8485,639.35亿,639.30亿,1000001915,False
38,000980,众泰汽车,SZ,2.52,10.04,涨停,10:06:30,7597.88万,3015.03万,-,0.230,2.52,2.30,6.08,1.62,3.07亿,7.45亿,-38.74,388.6028,127.07亿,127.07亿,1000002454,False
39,601588,北辰实业,SH,2.00,9.89,涨停,10:03:18,897.82万,448.91万,首板,0.180,2.00,1.81,4.67,2.20,1.24亿,2.43亿,-11.16,1.0279,67.34亿,53.20亿,1000002244,False
40,603119,浙江荣泰,SH,82.51,10.00,涨停,10:01:31,6153.84万,74.58万,首板,7.500,82.51,76.20,11.23,1.86,2290.53万,18.55亿,104.51,14.2302,300.12亿,168.22亿,1003103841,False
41,600433,冠豪高新,SH,4.84,10.00,涨停,09:57:04,4070.47万,841.01万,首板,0.440,4.84,4.33,9.82,1.12,1.72亿,8.12亿,11.76,1.9199,84.71亿,84.71亿,1000001718,False
42,000567,海德股份,SZ,6.67,10.07,涨停,09:57:00,1302.04万,195.21万,-,0.610,6.67,6.19,8.01,7.73,1.56亿,10.19亿,7.76,2.1643,130.37亿,129.97亿,1000002365,False
43,603178,圣龙股份,SH,19.46,10.01,涨停,09:56:53,4455.95万,228.98万,首板,1.770,19.46,17.40,10.26,0.75,2426.27万,4.58亿,60.93,4.0191,46.01亿,46.01亿,1000472468,False
44,300083,创世纪,SZ,10.19,20.02,涨停,09:55:42,517.55万,50.79万,首板,1.700,10.19,9.17,26.82,6.91,4.00亿,40.40亿,58.78,3.1946,169.65亿,152.09亿,1000008278,False
45,605123,派克新材,SH,106.77,10.00,涨停,09:55:25,4560.20万,42.71万,首板,9.710,106.77,99.91,4.39,2.14,531.48万,5.60亿,37.75,2.7968,129.37亿,129.37亿,1001881515,False
46,002240,盛新锂能,SZ,60.09,9.99,涨停,09:55:12,1.56亿,260.37万,首板,5.460,60.09,55.26,9.74,1.54,8893.61万,52.39亿,29.63,5.1242,550.00亿,548.57亿,1000007629,False
47,603698,航天工程,SH,43.97,10.01,涨停,09:54:09,6625.40万,150.68万,首板,4.000,43.97,40.24,9.05,1.35,4851.85万,20.76亿,143.83,6.6957,235.67亿,235.67亿,1000305470,False
48,002763,汇洁股份,SZ,9.41,10.06,涨停,09:53:06,5238.60万,556.71万,首板,0.860,9.41,8.86,7.67,2.08,2328.10万,2.16亿,10.51,2.0412,38.57亿,28.57亿,1000310083,False
49,002181,粤 传 媒,SZ,16.49,10.01,涨停,09:52:45,1.16亿,701.40万,首板,1.500,16.49,15.08,6.64,0.81,7531.94万,12.02亿,273.33,4.5025,191.46亿,187.09亿,1000002296,False
50,603937,丽岛新材,SH,15.25,10.03,涨停,09:49:57,515.91万,33.83万,-,1.390,15.25,14.03,11.52,2.09,2406.48万,3.60亿,30.75,2.0586,31.86亿,31.86亿,1000740032,False
51,000790,华神科技,SZ,4.57,10.12,涨停,09:49:33,6405.19万,1401.57万,首板,0.420,4.57,4.25,7.49,2.79,4662.94万,2.10亿,294.80,3.9685,28.50亿,28.45亿,1000000514,False
52,603726,朗迪集团,SH,24.85,10.00,涨停,09:47:01,8678.86万,349.25万,首板,2.260,24.85,23.15,4.22,1.28,779.01万,1.91亿,13.19,3.0840,46.13亿,45.90亿,1000305972,False
53,002235,安妮股份,SZ,11.20,10.02,涨停,09:45:42,9754.22万,870.91万,首板,1.020,11.20,10.21,19.15,2.57,1.06亿,11.71亿,-2223.46,8.8985,64.91亿,62.00亿,1000007655,False
54,601086,国芳集团,SH,8.93,9.98,涨停,09:44:03,5617.26万,629.03万,首板,0.810,8.93,8.50,3.71,2.84,2473.35万,2.18亿,35.76,3.6494,59.47亿,59.47亿,1000316964,False
55,600052,东望时代,SH,4.44,9.90,涨停,09:42:50,8303.55万,1870.17万,首板,0.400,4.44,4.04,6.38,0.65,5387.72万,2.34亿,-48.07,1.7359,37.48亿,37.48亿,1000002499,False
56,600208,衢州发展,SH,4.55,9.90,涨停,09:42:50,6617.82万,1454.47万,首板,0.410,4.55,4.21,2.33,0.60,1.99亿,8.90亿,30.78,0.9264,387.16亿,387.11亿,1000000443,False
57,605099,共创草坪,SH,48.42,10.00,涨停,09:42:30,1907.53万,39.40万,-,4.400,48.42,44.90,1.83,1.70,733.58万,3.48亿,24.27,5.8424,194.91亿,194.38亿,1001855449,False
58,688531,日联科技,SH,120.60,20.00,涨停,09:41:54,4211.04万,34.92万,-,20.100,120.60,105.58,21.01,5.08,2411.60万,28.27亿,113.08,5.8425,199.71亿,138.42亿,1003128142,False
59,603711,香飘飘,SH,14.28,10.02,涨停,09:40:46,5414.26万,379.15万,首板,1.300,14.28,13.70,3.40,6.79,1405.80万,1.99亿,15.78,1.6467,58.96亿,58.96亿,1000576724,False
60,600322,津投城开,SH,2.73,10.08,涨停,09:38:50,781.65万,286.32万,首板,0.250,2.73,2.54,6.18,3.92,6831.07万,1.85亿,6601.39,39.6846,30.19亿,30.19亿,1000001958,False
61,600540,新赛股份,SH,5.58,10.06,涨停,09:37:59,2405.93万,431.17万,首板,0.510,5.58,5.21,8.10,2.54,4710.92万,2.60亿,19.39,8.4304,32.44亿,32.44亿,1000001754,False
62,002192,融捷股份,SZ,109.22,10.00,涨停,09:37:48,6850.08万,62.72万,-,9.930,109.22,102.10,13.06,1.01,3384.96万,36.46亿,25.51,7.3186,283.60亿,283.01亿,1000007454,False
63,000783,长江证券,SZ,7.99,10.06,涨停,09:37:39,8542.92万,1069.20万,首板,0.730,7.99,7.80,5.36,6.20,2.96亿,23.55亿,7.43,1.1996,441.85亿,441.85亿,1000000416,False
64,688699,明微电子,SH,55.43,20.00,涨停,09:37:38,5694.81万,102.74万,首板,9.240,55.43,50.93,5.29,2.12,582.76万,3.15亿,64.41,5.0238,61.01亿,61.01亿,1001023022,False
65,688155,先惠技术,SH,103.57,20.00,涨停,09:36:52,5993.72万,57.87万,首板,17.260,103.57,96.81,5.58,1.85,705.72万,7.19亿,21.32,5.3336,130.95亿,130.95亿,1002101996,False
66,600624,ST复华,SH,4.62,5.00,涨停,09:36:33,933.25万,202.00万,首板,0.220,4.62,4.42,1.46,1.71,992.19万,4559.84万,-71.75,7.3855,31.39亿,31.39亿,1000000919,False
67,605299,舒华体育,SH,25.98,9.99,涨停,09:34:14,3599.27万,138.54万,-,2.360,25.98,24.16,5.66,0.55,2315.22万,5.93亿,109.26,8.8388,106.32亿,106.32亿,1001394223,False
68,002990,盛视科技,SZ,53.83,9.99,涨停,09:34:03,4798.94万,89.15万,首板,4.890,53.83,48.50,8.54,0.59,1178.41万,6.24亿,925.03,5.6485,140.96亿,74.30亿,1001855425,False
69,002453,华软科技,SZ,5.61,10.00,涨停,09:33:48,5689.66万,1014.20万,首板,0.510,5.61,5.15,3.23,1.03,1949.31万,1.08亿,-29.75,6.1080,45.57亿,33.81亿,1000007979,False
70,002634,*ST棒杰,SZ,5.31,4.94,涨停,09:33:06,1671.00万,314.69万,-,0.250,5.31,5.06,5.24,0.57,2317.17万,1.22亿,-10.85,-3.1348,24.39亿,23.48亿,1000009178,False
71,002842,翔鹭钨业,SZ,38.49,10.00,涨停,09:32:51,5488.75万,142.60万,-,3.500,38.49,36.51,32.76,2.16,8796.13万,33.58亿,12.57,8.6263,125.93亿,103.33亿,1000326764,False
72,000402,金 融 街,SZ,3.17,10.07,涨停,09:32:15,4055.82万,1279.44万,-,0.290,3.17,3.02,4.10,4.26,1.23亿,3.85亿,6.87,0.4772,94.75亿,94.74亿,1000002051,False
73,603190,亚通精工,SH,28.33,10.02,涨停,09:31:47,1064.07万,37.56万,首板,2.580,28.33,27.50,13.09,4.55,538.30万,1.52亿,17.66,1.5673,35.28亿,11.65亿,1002686329,False
74,600158,中体产业,SH,11.85,10.03,涨停,09:31:32,6859.44万,578.86万,首板,1.080,11.85,11.54,7.03,1.12,6743.93万,7.96亿,-495.84,4.7381,113.70亿,113.70亿,1000001299,False
75,002645,华宏科技,SZ,25.77,9.99,涨停,09:31:06,5152.72万,199.95万,-,2.340,25.77,24.66,8.19,1.31,4576.93万,11.72亿,18.68,3.7900,161.73亿,144.04亿,1000008296,False
76,002207,*ST准油,SZ,6.87,5.05,涨停,09:30:57,2383.17万,346.89万,首板,0.330,6.87,6.70,14.85,1.18,3871.82万,2.64亿,-28.65,153.7336,18.00亿,17.92亿,1000006670,False
77,001316,润贝航科,SZ,51.90,10.00,涨停,09:30:36,9467.08万,182.41万,首板,4.720,51.90,50.58,2.48,1.24,276.28万,1.43亿,24.64,4.3801,59.74亿,57.76亿,1002686340,False
78,600379,宝光股份,SH,16.78,10.03,涨停,09:30:11,1.55亿,921.56万,-,1.530,16.78,16.48,13.28,1.37,4383.44万,7.34亿,150.20,7.0372,55.41亿,55.41亿,1000001001,False
79,002805,丰元股份,SZ,22.85,10.01,涨停,09:30:09,9162.25万,400.97万,-,2.080,22.85,22.22,4.68,0.62,1304.26万,2.97亿,20.80,6.8433,63.99亿,63.71亿,1000011552,False
80,603030,全筑股份,SH,2.65,9.96,涨停,09:30:01,2183.41万,823.93万,首板,0.240,2.65,2.62,3.27,0.89,4312.86万,1.14亿,388.21,4.9916,34.90亿,34.90亿,1000305039,False
81,000838,*ST发展,SZ,1.95,4.84,涨停,09:30:00,2125.95万,1090.23万,首板,0.090,1.95,1.92,1.61,0.22,1700.87万,3306.89万,-37.22,-10.0022,21.46亿,20.55亿,1000009218,False
82,002640,跨境通,SZ,3.65,9.94,涨停,09:30:00,9637.31万,2640.36万,首板,0.330,3.65,3.64,4.55,1.87,7048.10万,2.57亿,9.04,8.8307,56.87亿,56.51亿,1000008073,False
83,300632,光莆股份,SZ,24.47,20.01,涨停,09:30:00,6711.13万,274.26万,-,4.080,24.47,24.00,16.65,1.86,3682.78万,9.01亿,2211.95,4.3112,74.68亿,54.13亿,1000506155,False
84,000553,安道麦A,SZ,6.82,10.00,涨停,09:25:00,1841.89万,270.07万,首板,0.620,6.82,6.82,0.55,1.53,1205.62万,8222.32万,6.98,0.8869,158.89亿,148.48亿,1000002318,False
85,000609,*ST中迪,SZ,14.42,5.03,涨停,09:25:00,1.04亿,721.85万,-,0.690,14.42,14.42,1.01,2.61,293.67万,4234.72万,-24.93,-13.5698,43.15亿,41.97亿,1000004168,False
86,001218,丽臣实业,SZ,27.63,9.99,涨停,09:25:00,4619.49万,167.19万,首板,2.510,27.63,27.63,2.12,0.91,249.99万,6907.20万,11.65,1.4852,35.97亿,32.62亿,1000717176,False
87,002289,*ST宇顺,SZ,36.56,5.00,涨停,09:25:00,2535.75万,69.36万,-,1.740,36.56,36.56,0.16,0.14,42.66万,1559.70万,52.00,38.6173,102.46亿,100.33亿,1000007936,False
88,002591,恒大高新,SZ,8.36,10.00,涨停,09:25:00,3136.34万,375.16万,首板,0.760,8.36,8.06,9.62,1.87,2149.79万,1.79亿,100.92,3.9233,25.10亿,18.69亿,1000007966,False
89,002856,*ST美芝,SZ,13.78,5.03,涨停,09:25:00,1.10亿,797.14万,首板,0.660,13.78,13.78,3.92,0.51,485.68万,6692.68万,-187.50,-36.6400,18.65亿,17.07亿,1000317654,False
90,600381,*ST春天,SH,3.59,4.97,涨停,09:25:00,4142.61万,1153.93万,-,0.170,3.59,3.59,0.19,0.09,109.27万,392.28万,-32.37,2.1529,21.08亿,21.08亿,1000001004,False
91,600730,*ST高科,SH,8.97,5.04,涨停,09:25:00,8806.21万,981.74万,-,0.430,8.97,8.97,0.30,0.07,178.48万,1600.97万,-682.72,3.1374,52.62亿,52.62亿,1000002137,False
92,603045,福达合金,SH,46.68,9.99,涨停,09:25:00,1.35亿,288.20万,首板,4.240,46.68,46.68,1.79,0.29,243.07万,1.13亿,8.73,5.0465,63.23亿,63.23亿,1000734410,False
93,603095,越剑智能,SH,25.37,10.02,涨停,09:25:00,1.43亿,564.82万,-,2.310,25.37,25.37,1.46,0.36,376.12万,9542.22万,115.22,2.8032,65.52亿,65.52亿,1001819986,False
94,603272,*ST联翔,SH,26.80,5.02,涨停,09:25:00,5769.02万,215.26万,-,1.280,26.80,26.80,0.30,0.03,31.43万,842.27万,-124.49,5.1543,27.77亿,27.77亿,1002681076,False
95,603398,*ST沐邦,SH,12.45,4.97,涨停,09:25:00,2705.65万,217.32万,首板,0.590,12.45,12.45,0.55,0.26,240.34万,2992.21万,-18.17,75.4752,53.99亿,53.99亿,1000325842,False
96,603399,永杉锂业,SH,19.39,9.98,涨停,09:25:00,2.02亿,1041.52万,-,1.760,19.39,19.39,1.70,0.14,869.03万,1.69亿,18.74,6.1339,99.33亿,99.33亿,1000010300,False
97,603580,*ST艾艾,SH,21.21,5.00,涨停,09:25:00,3996.80万,188.44万,首板,1.010,21.21,21.21,0.20,0.13,26.20万,555.72万,248.35,6.0904,27.72亿,27.72亿,1000450254,False
98,603843,*ST正平,SH,8.97,5.04,涨停,09:25:00,9162.82万,1021.50万,-,0.430,8.97,8.97,0.20,0.06,140.26万,1258.17万,-60.08,243.6134,62.76亿,62.76亿,1000303914,False
