股票代码,股票简称,最新价,最新涨跌幅,涨停[20260423],首次涨停时间[20260423],最终涨停时间[20260423],涨停明细数据[20260423],连续涨停天数[20260423],涨停原因类别[20260423],涨停封单量[20260423],涨停封单额[20260423],涨停封单量占成交量比[20260423],涨停封单量占流通a股比[20260423],涨停开板次数[20260423],a股市值(不含限售股)[20260423],几天几板[20260423],涨停类型[20260423],market_code,code,所属概念,区间主力资金流向区间增长值[20260424-20260430],区间主力资金流向[20260424-20260430],量比[20260430],所属概念数量,a股市值(不含限售股)[20260430],区间主力买入金额[20260424-20260430],区间主力卖出金额[20260424-20260430],换手率[20260430],振幅[20260430],lbc,main,chg5,amt,volr,concepts
000488.SZ,ST晨鸣,2.57,-1.9083969465648956,涨停, 13:42:27, 13:46:02,"[{""code"":""000488.SZ"",""time"":1776922947113,""openTime"":1776923025692,""duration"":78579,""updatedTime"":1776923025692,""firstVol"":2713550.0,""highestVol"":3435450.0,""firstVolDivLTGB"":0.0016016517337848293,""firstVolDivVol"":0.10763047321710541,""highestVolDivLTGB"":0.0020277475811505564,""highestVolDivVol"":0.13165076947555365},{""code"":""000488.SZ"",""time"":1776923162397,""openTime"":null,""duration"":4437603,""updatedTime"":1776927600000,""firstVol"":2446000.0,""highestVol"":3681450.0,""firstVolDivLTGB"":0.0014437324319941378,""firstVolDivVol"":0.08445964610648628,""highestVolDivLTGB"":0.002172947163436148,""highestVolDivVol"":0.12013244868008492}]",1,浆纸一体化+山东国资+摘帽预期,3195350,8563538.0,10.236871601018077,0.18860304278710008,1,4540508930.0,首板涨停,放量涨停,33,000488,,,,,,,,,,,1,0.0,0,0,10.236871601018077,
000537.SZ,绿发电力,9.89,-3.5121951219512137,涨停, 09:37:09, 13:42:12,"[{""code"":""000537.SZ"",""time"":1776908229970,""openTime"":1776908508357,""duration"":278387,""updatedTime"":1776908508357,""firstVol"":7.27043E7,""highestVol"":7.53817E7,""firstVolDivLTGB"":0.03536686625891951,""firstVolDivVol"":1.8753134741558009,""highestVolDivLTGB"":0.03666928231576389,""highestVolDivVol"":1.7633416371642654},{""code"":""000537.SZ"",""time"":1776922932113,""openTime"":null,""duration"":4667887,""updatedTime"":1776927600000,""firstVol"":4.6921826E7,""highestVol"":4.6921826E7,""firstVolDivLTGB"":0.022825031597392343,""firstVolDivVol"":0.3512394846624993,""highestVolDivLTGB"":0.022825031597392343,""highestVolDivVol"":0.3512394846624993}]",1,绿电交易+储能+央企,8408785,97962345.25,5.93926272293023,0.4090437216162022,1,23949113523.35,首板涨停,放量涨停,33,000537,,,,,,,,,,,1,0.0,0,0,5.93926272293023,
000593.SZ,德龙汇能,25.3,-5.278921752152751,涨停, 10:04:37, 10:12:26,"[{""code"":""000593.SZ"",""time"":1776909877184,""openTime"":1776909892185,""duration"":15001,""updatedTime"":1776909892185,""firstVol"":264300.0,""highestVol"":264300.0,""firstVolDivLTGB"":7.37273107513731E-4,""firstVolDivVol"":0.012876813039929082,""highestVolDivLTGB"":7.37273107513731E-4,""highestVolDivVol"":0.012876813039929082},{""code"":""000593.SZ"",""time"":1776910346383,""openTime"":null,""duration"":11818611,""updatedTime"":1776927600000,""firstVol"":1.24522E7,""highestVol"":1.27511E7,""firstVolDivLTGB"":0.03473580094355839,""firstVolDivVol"":0.45227662889340925,""highestVolDivLTGB"":0.03556959183207845,""highestVolDivVol"":0.46020781914057557}]",1,燃气+氢能中心+控制权变更完成,3317236,65150515.04,10.573527981630336,0.9253533462264165,1,7040609439.16,首板涨停,放量涨停,33,000593,,,,,,,,,,,1,0.0,0,0,10.573527981630336,
000609.SZ,*ST中迪,14.42,5.0254916241806225,涨停, 09:30:00, 09:30:00,"[{""code"":""000609.SZ"",""time"":1776907800000,""openTime"":null,""duration"":14364994,""updatedTime"":1776927600000,""firstVol"":4.4361716E7,""highestVol"":4.4361716E7,""firstVolDivLTGB"":0.15241523869144663,""firstVolDivVol"":130.9439524889015,""highestVolDivLTGB"":0.15241523869144663,""highestVolDivVol"":130.9439524889015}]",3,半导体资产注入+房地产+ST博弈,12369511,139775474.3,1218.0841939203674,4.249840045776126,0,3288958473.6,6天4板,一字涨停||缩量涨停,33,000609,,,,,,,,,,,4,0.0,0,0,1218.0841939203674,
000715.SZ,中兴商业,5.99,-4.006410256410256,涨停, 09:59:08, 09:59:59,"[{""code"":""000715.SZ"",""time"":1776909548119,""openTime"":1776909563119,""duration"":15000,""updatedTime"":1776909563119,""firstVol"":618950.0,""highestVol"":618950.0,""firstVolDivLTGB"":0.0012726354912676273,""firstVolDivVol"":0.029690771300472093,""highestVolDivLTGB"":0.0012726354912676273,""highestVolDivVol"":0.029690771300472093},{""code"":""000715.SZ"",""time"":1776909599429,""openTime"":null,""duration"":12565565,""updatedTime"":1776927600000,""firstVol"":2.03487E7,""highestVol"":3.804796E7,""firstVolDivLTGB"":0.0418393696116933,""firstVolDivVol"":0.7517651446483001,""highestVolDivLTGB"":0.07823117257667184,""highestVolDivVol"":1.046704707504901}]",1,百货零售+首店经济+恐龙IP,3615800,23900438.0,5.830624251710619,0.7434518796874525,1,3214792867.3,3天2板,放量涨停,33,000715,,,,,,,,,,,2,0.0,0,0,5.830624251710619,
000890.SZ,法尔胜,15.66,-8.953488372093018,涨停, 09:37:24, 14:51:17,"[{""code"":""000890.SZ"",""time"":1776908244970,""openTime"":1776908274970,""duration"":30000,""updatedTime"":1776908274970,""firstVol"":7437100.0,""highestVol"":7437100.0,""firstVolDivLTGB"":0.017728864706208772,""firstVolDivVol"":0.15935357101472727,""highestVolDivLTGB"":0.017728864706208772,""highestVolDivVol"":0.15935357101472727},{""code"":""000890.SZ"",""time"":1776908289971,""openTime"":1776908335609,""duration"":45638,""updatedTime"":1776908335609,""firstVol"":202400.0,""highestVol"":371300.0,""firstVolDivLTGB"":4.8248944031096196E-4,""firstVolDivVol"":0.003862105875816275,""highestVolDivLTGB"":8.851202034953566E-4,""highestVolDivVol"":0.006905023952603826},{""code"":""000890.SZ"",""time"":1776908429604,""openTime"":1776908793946,""duration"":364342,""updatedTime"":1776908793946,""firstVol"":69300.0,""highestVol"":1.17136E7,""firstVolDivLTGB"":1.6520018880212284E-4,""firstVolDivVol"":0.0011999554925599123,""highestVolDivLTGB"":0.027923361205664448,""highestVolDivVol"":0.20032650538777672},{""code"":""000890.SZ"",""time"":1776926151212,""openTime"":1776926549454,""duration"":398242,""updatedTime"":1776926549454,""firstVol"":2865000.0,""highestVol"":4408500.0,""firstVolDivLTGB"":0.006829704775152698,""firstVolDivVol"":0.02619207659971079,""highestVolDivLTGB"":0.010509163525745433,""highestVolDivVol"":0.04024130176069958},{""code"":""000890.SZ"",""time"":1776926616843,""openTime"":1776926656951,""duration"":40108,""updatedTime"":1776926656951,""firstVol"":8800.0,""highestVol"":8800.0,""firstVolDivLTGB"":2.097780175265052E-5,""firstVolDivVol"":7.836209612587503E-5,""highestVolDivLTGB"":2.097780175265052E-5,""highestVolDivVol"":7.836209612587503E-5},{""code"":""000890.SZ"",""time"":1776926881049,""openTime"":1776927038498,""duration"":157449,""updatedTime"":1776927038498,""firstVol"":18700.0,""highestVol"":282200.0,""firstVolDivLTGB"":4.4577828724382355E-5,""firstVolDivVol"":1.6434866063883238E-4,""highestVolDivLTGB"":6.727199607497701E-4,""highestVolDivVol"":0.0024781713020720366},{""code"":""000890.SZ"",""time"":1776927077062,""openTime"":null,""duration"":522938,""updatedTime"":1776927600000,""firstVol"":31900.0,""highestVol"":1254600.0,""firstVolDivLTGB"":7.604453135335814E-5,""firstVolDivVol"":2.781479659810912E-4,""highestVolDivLTGB"":0.0029907670544176528,""highestVolDivVol"":0.010801014179589665}]",1,光纤业务澄清+重大资产出售完成+环保技术突破+金属制品,1254600,21027096.000000004,1.0801014179589665,0.2990767054417653,6,7030669930.96,首板涨停,放量涨停,33,000890,,,,,,,,,,,1,0.0,0,0,1.0801014179589665,
000925.SZ,众合科技,9.19,-5.840163934426233,涨停, 10:11:56, 11:13:55,"[{""code"":""000925.SZ"",""time"":1776910316383,""openTime"":1776910391384,""duration"":75001,""updatedTime"":1776910391384,""firstVol"":5.53739E7,""highestVol"":5.53739E7,""firstVolDivLTGB"":0.08224934001224411,""firstVolDivVol"":1.4951143956010606,""highestVolDivLTGB"":0.08224934001224411,""highestVolDivVol"":1.4951143956010606},{""code"":""000925.SZ"",""time"":1776911225787,""openTime"":1776911264608,""duration"":38821,""updatedTime"":1776911264608,""firstVol"":1.538724E7,""highestVol"":1.698534E7,""firstVolDivLTGB"":0.02285535847411873,""firstVolDivVol"":0.26615829098426075,""highestVolDivLTGB"":0.02522908816037105,""highestVolDivVol"":0.28990384704006333},{""code"":""000925.SZ"",""time"":1776911281063,""openTime"":1776911296063,""duration"":15000,""updatedTime"":1776911296063,""firstVol"":398700.0,""highestVol"":398700.0,""firstVolDivLTGB"":5.922070120197734E-4,""firstVolDivVol"":0.006413943562605406,""highestVolDivLTGB"":5.922070120197734E-4,""highestVolDivVol"":0.006413943562605406},{""code"":""000925.SZ"",""time"":1776911833679,""openTime"":1776911863850,""duration"":30171,""updatedTime"":1776911863850,""firstVol"":1.782864E7,""highestVol"":1.782864E7,""firstVolDivLTGB"":0.026481679515365467,""firstVolDivVol"":0.24674671881063825,""highestVolDivLTGB"":0.026481679515365467,""highestVolDivVol"":0.24674671881063825},{""code"":""000925.SZ"",""time"":1776911878850,""openTime"":1776913906434,""duration"":2027584,""updatedTime"":1776913906434,""firstVol"":1.71946E7,""highestVol"":4.708E7,""firstVolDivLTGB"":0.025539911434349624,""firstVolDivVol"":0.2329417477236781,""highestVolDivLTGB"":0.06993003793802591,""highestVolDivVol"":0.580988142856346},{""code"":""000925.SZ"",""time"":1776914035951,""openTime"":null,""duration"":8129043,""updatedTime"":1776927600000,""firstVol"":2.020463E7,""highestVol"":2.024463E7,""firstVolDivLTGB"":0.03001084414663926,""firstVolDivVol"":0.23095010785070316,""highestVolDivLTGB"":0.030070257942678365,""highestVolDivVol"":0.23121862287668726}]",1,算力租赁+商业航天+智慧交通,4603200,38482752.0,4.662844967920959,0.6837339648180137,5,5628322414.88,首板涨停,放量涨停,33,000925,,,,,,,,,,,1,0.0,0,0,4.662844967920959,
001215.SZ,千味央厨,46.86,9.999999999999995,涨停, 13:47:41, 13:47:41,"[{""code"":""001215.SZ"",""time"":1776923261321,""openTime"":null,""duration"":4338679,""updatedTime"":1776927600000,""firstVol"":7512300.0,""highestVol"":7512300.0,""firstVolDivLTGB"":0.07762010635079769,""firstVolDivVol"":0.981387178228706,""highestVolDivLTGB"":0.07762010635079769,""highestVolDivVol"":0.981387178228706}]",1,预制菜+三胎概念+回购,1552900,67395860.0,18.848671350128786,1.6025528236146915,0,4205531262.8,首板涨停,放量涨停,33,001215,预制菜;三胎概念;海峡两岸;回购增持再贷款概念,3042483.0,110269834.0,1.020484,4.0,4540810944.12,403468435.0,293198601.0,10.098331,11.877934,1,3042483.0,0,0,18.848671350128786,预制菜;三胎概念;海峡两岸;回购增持再贷款概念
001234.SZ,泰慕士,31.2,3.4825870646766193,涨停, 09:40:29, 09:40:29,"[{""code"":""001234.SZ"",""time"":1776908429604,""openTime"":null,""duration"":13735390,""updatedTime"":1776927600000,""firstVol"":5844200.0,""highestVol"":7643700.0,""firstVolDivLTGB"":0.06388116149553755,""firstVolDivVol"":0.7661409787496231,""highestVolDivLTGB"":0.08355094523175804,""highestVolDivVol"":0.9740175340231408}]",2,服装贴牌+回购注销+广州国资入主,6086700,197939484.00000003,61.34302184955253,6.653185477480037,0,2975108460.0,2天2板,放量涨停,33,001234,,,,,,,,,,,2,0.0,0,0,61.34302184955253,
001267.SZ,汇绿生态,53.96,0.07418397626112601,涨停, 13:20:22, 13:20:22,"[{""code"":""001267.SZ"",""time"":1776921622299,""openTime"":null,""duration"":5977701,""updatedTime"":1776927600000,""firstVol"":2.1903322E7,""highestVol"":2.2759422E7,""firstVolDivLTGB"":0.036165427463239794,""firstVolDivVol"":0.30236976107190194,""highestVolDivLTGB"":0.03757896749389266,""highestVolDivVol"":0.3125145310589387}]",1,硅光模块+硅光芯片+鄂州扩产+园林工程,4023009,204851618.28,5.165261219309375,0.6642546741241391,0,30839319053.36,首板涨停,放量涨停,33,001267,共封装光学(CPO);铜缆高速连接;土壤修复;污水处理;新型城镇化;乡村振兴;深股通;股权转让(并购重组),23176390.0,171716860.0,0.633441,8.0,32680472429.68,4262086770.0,4090369910.0,8.202986,5.78635,1,23176390.0,0,0,5.165261219309375,共封装光学(CPO);铜缆高速连接;土壤修复;污水处理;新型城镇化;乡村振兴;深股通;股权转让(并购重组)
001314.SZ,亿道信息,50.72,1.2375249500997954,涨停, 09:31:00, 10:18:24,"[{""code"":""001314.SZ"",""time"":1776907860088,""openTime"":1776907875088,""duration"":15000,""updatedTime"":1776907875088,""firstVol"":1474990.0,""highestVol"":1474990.0,""firstVolDivLTGB"":0.011857851676660544,""firstVolDivVol"":0.6448297419352018,""highestVolDivLTGB"":0.011857851676660544,""highestVolDivVol"":0.6448297419352018},{""code"":""001314.SZ"",""time"":1776910704233,""openTime"":null,""duration"":11460761,""updatedTime"":1776927600000,""firstVol"":7479750.0,""highestVol"":7571750.0,""firstVolDivLTGB"":0.06013177450593001,""firstVolDivVol"":0.8882544492288019,""highestVolDivLTGB"":0.06087138789602267,""highestVolDivVol"":0.8854264541463872}]",1,业绩大增+拟并购RFID+AI终端,1386374,67239139.0,13.88525520293695,1.114544319648173,1,6032881583.5,首板涨停,放量涨停,33,001314,空间计算;多模态AI;鸿蒙概念;元宇宙;智能音箱;电子竞技;AIGC概念;DeepSeek概念;AI PC;人工智能;数字货币;物联网;MR(混合现实);虚拟现实;AI眼镜;智能穿戴;机器人概念;智能家居;粤港澳大湾区;专精特新;消费电子概念;先进封装;2025年报预增;PCB概念;深股通,7128447.0,3635887.0,0.581239,25.0,6309025853.92,173928717.0,170292830.0,4.348421,2.73453,1,7128447.0,0,0,13.88525520293695,空间计算;多模态AI;鸿蒙概念;元宇宙;智能音箱;电子竞技;AIGC概念;DeepSeek概念;AI PC;人工智能;数字货币;物联网;MR(混合现实);虚拟现实;AI眼镜;智能穿戴;机器人概念;智能家居;粤港澳大湾区;专精特新;消费电子概念;先进封装;2025年报预增;PCB概念;深股通
002008.SZ,大族激光,100.72,-2.5353203019160095,涨停, 13:21:52, 13:35:11,"[{""code"":""002008.SZ"",""time"":1776921712300,""openTime"":1776921727300,""duration"":15000,""updatedTime"":1776921727300,""firstVol"":8675018.0,""highestVol"":8675018.0,""firstVolDivLTGB"":0.00906738759986698,""firstVolDivVol"":0.15507390207994518,""highestVolDivLTGB"":0.00906738759986698,""highestVolDivVol"":0.15507390207994518},{""code"":""002008.SZ"",""time"":1776922511126,""openTime"":null,""duration"":5088874,""updatedTime"":1776927600000,""firstVol"":1.0736042E7,""highestVol"":1.1254142E7,""firstVolDivLTGB"":0.011221631367502765,""firstVolDivVol"":0.17599531345460712,""highestVolDivLTGB"":0.011763164943051666,""highestVolDivVol"":0.184022722251685}]",1,AI算力PCB+商业航天+一季报高增,1864619,193174528.39999998,2.863383434661768,0.19489554026373626,1,99116956775.2,首板涨停,放量涨停,33,002008,,,,,,,,,,,1,0.0,0,0,2.863383434661768,
002024.SZ,ST易购,1.34,1.5151515151515165,涨停, 14:03:42, 14:40:49,"[{""code"":""002024.SZ"",""time"":1776924222719,""openTime"":1776924271609,""duration"":48890,""updatedTime"":1776924271609,""firstVol"":8275674.0,""highestVol"":1.5099174E7,""firstVolDivLTGB"":8.943493063444401E-4,""firstVolDivVol"":0.15418600472134059,""highestVolDivLTGB"":0.001631762656826985,""highestVolDivVol"":0.28017668425783865},{""code"":""002024.SZ"",""time"":1776924286609,""openTime"":1776926323382,""duration"":2036773,""updatedTime"":1776926323382,""firstVol"":1.72448E7,""highestVol"":1.96253E7,""firstVolDivLTGB"":0.001863639737143899,""firstVolDivVol"":0.30328304849692006,""highestVolDivLTGB"":0.002120899571660452,""highestVolDivVol"":0.3412394479290907},{""code"":""002024.SZ"",""time"":1776926449845,""openTime"":null,""duration"":1150155,""updatedTime"":1776927600000,""firstVol"":1699100.0,""highestVol"":4988000.0,""firstVolDivLTGB"":1.836211656488448E-4,""firstVolDivVol"":0.022799927742304216,""highestVolDivLTGB"":5.390514827005108E-4,""highestVolDivVol"":0.06671350878736482}]",1,家电3C+以旧换新+ST板块,2694399,3637438.6500000004,3.4740991717718197,0.029118279389269714,2,12491942265.45,首板涨停,放量涨停,33,002024,,,,,,,,,,,1,0.0,0,0,3.4740991717718197,
002081.SZ,金螳螂,5.9,10.074626865671641,涨停, 09:30:45, 10:13:11,"[{""code"":""002081.SZ"",""time"":1776907845088,""openTime"":1776909599429,""duration"":1754341,""updatedTime"":1776909599429,""firstVol"":5429972.0,""highestVol"":6.8501154E7,""firstVolDivLTGB"":0.002053226182325189,""firstVolDivVol"":0.043054445259205786,""highestVolDivLTGB"":0.02590222618317182,""highestVolDivVol"":0.5030685120034898},{""code"":""002081.SZ"",""time"":1776909614429,""openTime"":1776910346383,""duration"":731954,""updatedTime"":1776910346383,""firstVol"":5.1737814E7,""highestVol"":6.3201464E7,""firstVolDivLTGB"":0.01956353261509833,""firstVolDivVol"":0.25653139724434765,""highestVolDivLTGB"":0.023898263314448557,""highestVolDivVol"":0.3037828840959597},{""code"":""002081.SZ"",""time"":1776910361383,""openTime"":1776910376383,""duration"":15000,""updatedTime"":1776910376383,""firstVol"":3.90226E7,""highestVol"":3.90226E7,""firstVolDivLTGB"":0.014755550124826227,""firstVolDivVol"":0.1509446486260504,""highestVolDivLTGB"":0.014755550124826227,""highestVolDivVol"":0.1509446486260504},{""code"":""002081.SZ"",""time"":1776910391384,""openTime"":null,""duration"":11773610,""updatedTime"":1776927600000,""firstVol"":5.6004101E7,""highestVol"":7.68445E7,""firstVolDivLTGB"":0.0211767365450106,""firstVolDivVol"":0.20512535941008508,""highestVolDivLTGB"":0.0290570815775271,""highestVolDivVol"":0.2492518503530742}]",5,商业航天产业配套+半导体洁净室+越南合作+EPC总包,33075710,179601105.29999998,10.002872781540484,1.2506862608314568,3,14358241466.52,5天5板,放量涨停,33,002081,新型城镇化;装配式建筑;PPP概念;光伏建筑一体化;长三角一体化;一带一路;深股通;融资融券;第三代半导体;芯片概念;智能家居;人工智能;数据中心;数字孪生,220532640.0,662292882.0,1.454351,14.0,15601035847.6,2490435545.0,1828142663.0,21.77154,15.485074,5,220532640.0,0,0,10.002872781540484,新型城镇化;装配式建筑;PPP概念;光伏建筑一体化;长三角一体化;一带一路;深股通;融资融券;第三代半导体;芯片概念;智能家居;人工智能;数据中心;数字孪生
002242.SZ,九阳股份,10.88,1.8726591760299727,涨停, 10:31:31, 10:31:31,"[{""code"":""002242.SZ"",""time"":1776911491247,""openTime"":null,""duration"":10673747,""updatedTime"":1776927600000,""firstVol"":3.58851E7,""highestVol"":3.58851E7,""firstVolDivLTGB"":0.04711273799965202,""firstVolDivVol"":1.3391340295716243,""highestVolDivLTGB"":0.04711273799965202,""highestVolDivVol"":1.3391340295716243}]",1,员工持股计划+小家电+机器人+太空科技,6373708,72724008.28,16.6073081496399,0.8367897402829757,0,8690834122.25,首板涨停,放量涨停,33,002242,,,,,,,,,,,1,0.0,0,0,16.6073081496399,
002301.SZ,齐心集团,6.9,0.7299270072992805,涨停, 09:39:31, 09:39:31,"[{""code"":""002301.SZ"",""time"":1776908371771,""openTime"":null,""duration"":13793223,""updatedTime"":1776927600000,""firstVol"":5.35309E7,""highestVol"":5.35309E7,""firstVolDivLTGB"":0.07455658626705283,""firstVolDivVol"":3.3643713844064354,""highestVolDivLTGB"":0.07455658626705283,""highestVolDivVol"":3.3643713844064354}]",1,AI应用+国潮文创+B2B集采,7274031,54191530.95,28.757153084023507,1.013110035065199,0,5349027161.35,首板涨停,放量涨停,33,002301,,,,,,,,,,,1,0.0,0,0,28.757153084023507,
002429.SZ,兆驰股份,11.05,-1.8650088809946632,涨停, 09:36:09, 14:55:16,"[{""code"":""002429.SZ"",""time"":1776908169970,""openTime"":1776908444604,""duration"":274634,""updatedTime"":1776908444604,""firstVol"":8.86679E7,""highestVol"":9.85029E7,""firstVolDivLTGB"":0.019598004755007184,""firstVolDivVol"":0.8932275369058688,""highestVolDivLTGB"":0.02177180583482858,""highestVolDivVol"":0.986843133469119},{""code"":""002429.SZ"",""time"":1776908476907,""openTime"":1776908685774,""duration"":208867,""updatedTime"":1776908685774,""firstVol"":7.328088E7,""highestVol"":8.2946842E7,""firstVolDivLTGB"":0.01619705704873027,""firstVolDivVol"":0.581370361230152,""highestVolDivLTGB"":0.018333496157333484,""highestVolDivVol"":0.6474371374511575},{""code"":""002429.SZ"",""time"":1776908857937,""openTime"":1776910376383,""duration"":1518446,""updatedTime"":1776910376383,""firstVol"":5.5918487E7,""highestVol"":6.3687667E7,""firstVolDivLTGB"":0.01235949846696276,""firstVolDivVol"":0.34215422260145206,""highestVolDivLTGB"":0.014076697437306105,""highestVolDivVol"":0.38311973029404206},{""code"":""002429.SZ"",""time"":1776910391384,""openTime"":1776912313854,""duration"":1922470,""updatedTime"":1776912313854,""firstVol"":2.60178E7,""highestVol"":3.63203E7,""firstVolDivLTGB"":0.005750637695432348,""firstVolDivVol"":0.1268565739812134,""highestVolDivLTGB"":0.008027768923176115,""highestVolDivVol"":0.17544225744016115},{""code"":""002429.SZ"",""time"":1776912572171,""openTime"":1776912685802,""duration"":113631,""updatedTime"":1776912685802,""firstVol"":1.42923E7,""highestVol"":1.55651E7,""firstVolDivLTGB"":0.0031589849693066958,""firstVolDivVol"":0.05718110968152447,""highestVolDivLTGB"":0.0034403082041207958,""highestVolDivVol"":0.06206454168451534},{""code"":""002429.SZ"",""time"":1776912704088,""openTime"":1776914605949,""duration"":1901861,""updatedTime"":1776914605949,""firstVol"":3200.0,""highestVol"":1.974565E7,""firstVolDivLTGB"":7.072865740140794E-7,""firstVolDivVol"":1.2572755985044392E-5,""highestVolDivLTGB"":0.004364322856306595,""highestVolDivVol"":0.07533407147737632},{""code"":""002429.SZ"",""time"":1776914620949,""openTime"":1776914666359,""duration"":45410,""updatedTime"":1776914666359,""firstVol"":3370850.0,""highestVol"":3370850.0,""firstVolDivLTGB"":7.450490462547998E-4,""firstVolDivVol"":0.012219123463805498,""highestVolDivLTGB"":7.450490462547998E-4,""highestVolDivVol"":0.012219123463805498},{""code"":""002429.SZ"",""time"":1776914683331,""openTime"":1776914698331,""duration"":15000,""updatedTime"":1776914698331,""firstVol"":18300.0,""highestVol"":18300.0,""firstVolDivLTGB"":4.044795095143016E-6,""firstVolDivVol"":6.567167264243001E-5,""highestVolDivLTGB"":4.044795095143016E-6,""highestVolDivVol"":6.567167264243001E-5},{""code"":""002429.SZ"",""time"":1776914719099,""openTime"":1776914734099,""duration"":15000,""updatedTime"":1776914734099,""firstVol"":6000.0,""highestVol"":6000.0,""firstVolDivLTGB"":1.3261623262763987E-6,""firstVolDivVol"":2.143343528742201E-5,""highestVolDivLTGB"":1.3261623262763987E-6,""highestVolDivVol"":2.143343528742201E-5},{""code"":""002429.SZ"",""time"":1776914749099,""openTime"":1776914783083,""duration"":33984,""updatedTime"":1776914783083,""firstVol"":195700.0,""highestVol"":195700.0,""firstVolDivLTGB"":4.325499454204854E-5,""firstVolDivVol"":6.9702157019976E-4,""highestVolDivLTGB"":4.325499454204854E-5,""highestVolDivVol"":6.9702157019976E-4},{""code"":""002429.SZ"",""time"":1776914888085,""openTime"":1776914993121,""duration"":105036,""updatedTime"":1776914993121,""firstVol"":38400.0,""highestVol"":2140900.0,""firstVolDivLTGB"":8.487438888168952E-6,""firstVolDivVol"":1.347800852315564E-4,""highestVolDivLTGB"":4.73196820720857E-4,""highestVolDivVol"":0.0074934313034111305},{""code"":""002429.SZ"",""time"":1776920615848,""openTime"":1776920660848,""duration"":45000,""updatedTime"":1776920660848,""firstVol"":1.35467E7,""highestVol"":1.35467E7,""firstVolDivLTGB"":0.0029941871975614153,""firstVolDivVol"":0.043859741424796816,""highestVolDivLTGB"":0.0029941871975614153,""highestVolDivVol"":0.043859741424796816},{""code"":""002429.SZ"",""time"":1776921081363,""openTime"":1776922182384,""duration"":1101021,""updatedTime"":1776922182384,""firstVol"":6562698.0,""highestVol"":1.2421469E7,""firstVolDivLTGB"":0.0014505338077215784,""firstVolDivVol"":0.020645922772704828,""highestVolDivLTGB"":0.0027454807041350287,""highestVolDivVol"":0.0387249989470353},{""code"":""002429.SZ"",""time"":1776922197384,""openTime"":1776922243054,""duration"":45670,""updatedTime"":1776922243054,""firstVol"":58400.0,""highestVol"":58400.0,""firstVolDivLTGB"":1.2907979975756947E-5,""firstVolDivVol"":1.7882817145101944E-4,""highestVolDivLTGB"":1.2907979975756947E-5,""highestVolDivVol"":1.7882817145101944E-4},{""code"":""002429.SZ"",""time"":1776922273674,""openTime"":1776922357524,""duration"":83850,""updatedTime"":1776922357524,""firstVol"":576800.0,""highestVol"":576800.0,""firstVolDivLTGB"":1.274884049660378E-4,""firstVolDivVol"":0.0017636707492117985,""highestVolDivLTGB"":1.274884049660378E-4,""highestVolDivVol"":0.0017636707492117985},{""code"":""002429.SZ"",""time"":1776922372524,""openTime"":1776922469474,""duration"":96950,""updatedTime"":1776922469474,""firstVol"":5500.0,""highestVol"":186000.0,""firstVolDivLTGB"":1.2156487990866988E-6,""firstVolDivVol"":1.6764992330625644E-5,""highestVolDivLTGB"":4.111103211456836E-5,""highestVolDivVol"":5.666534153039134E-4},{""code"":""002429.SZ"",""time"":1776922489322,""openTime"":1776922581614,""duration"":92292,""updatedTime"":1776922581614,""firstVol"":27200.0,""highestVol"":102200.0,""firstVolDivLTGB"":6.011935879119674E-6,""firstVolDivVol"":8.26876225475406E-5,""highestVolDivLTGB"":2.258896495757466E-5,""highestVolDivVol"":3.1056545186650293E-4},{""code"":""002429.SZ"",""time"":1776922596615,""openTime"":1776922616070,""duration"":19455,""updatedTime"":1776922616070,""firstVol"":10900.0,""highestVol"":10900.0,""firstVolDivLTGB"":2.409194892735458E-6,""firstVolDivVol"":3.3064643167129304E-5,""highestVolDivLTGB"":2.409194892735458E-6,""highestVolDivVol"":3.3064643167129304E-5},{""code"":""002429.SZ"",""time"":1776922631070,""openTime"":1776922826682,""duration"":195612,""updatedTime"":1776922826682,""firstVol"":76300.0,""highestVol"":263800.0,""firstVolDivLTGB"":1.6864364249148205E-5,""firstVolDivVol"":2.3124717968605967E-4,""highestVolDivLTGB"":5.8306936945285666E-5,""highestVolDivVol"":7.989686217642869E-4},{""code"":""002429.SZ"",""time"":1776922872113,""openTime"":1776922917113,""duration"":45000,""updatedTime"":1776922917113,""firstVol"":6400.0,""highestVol"":11500.0,""firstVolDivLTGB"":1.4145731480281587E-6,""firstVolDivVol"":1.9327355482945766E-5,""highestVolDivLTGB"":2.5418111253630976E-6,""highestVolDivVol"":3.4719070040953707E-5},{""code"":""002429.SZ"",""time"":1776922947113,""openTime"":1776923070692,""duration"":123579,""updatedTime"":1776923070692,""firstVol"":376800.0,""highestVol"":376800.0,""firstVolDivLTGB"":8.328299409015784E-5,""firstVolDivVol"":0.001136367851683005,""highestVolDivLTGB"":8.328299409015784E-5,""highestVolDivVol"":0.001136367851683005},{""code"":""002429.SZ"",""time"":1776923085692,""openTime"":1776923132397,""duration"":46705,""updatedTime"":1776923132397,""firstVol"":28631.0,""highestVol"":34281.0,""firstVolDivLTGB"":6.3282255939365955E-6,""firstVolDivVol"":8.615954143418998E-5,""highestVolDivLTGB"":7.577028451180204E-6,""highestVolDivVol"":1.0312451238765119E-4},{""code"":""002429.SZ"",""time"":1776923147397,""openTime"":1776923177397,""duration"":30000,""updatedTime"":1776923177397,""firstVol"":9600.0,""highestVol"":25800.0,""firstVolDivLTGB"":2.121859722042238E-6,""firstVolDivVol"":2.885781750310199E-5,""highestVolDivLTGB"":5.702498002988515E-6,""highestVolDivVol"":7.750976390195448E-5},{""code"":""002429.SZ"",""time"":1776923192397,""openTime"":1776924487469,""duration"":1295072,""updatedTime"":1776924487469,""firstVol"":118800.0,""highestVol"":7105650.0,""firstVolDivLTGB"":2.6258014060272696E-5,""firstVolDivVol"":3.5672709377409427E-4,""highestVolDivLTGB"":0.001570540888950982,""highestVolDivVol"":0.021262748702028683},{""code"":""002429.SZ"",""time"":1776924504480,""openTime"":1776924534480,""duration"":30000,""updatedTime"":1776924534480,""firstVol"":1248081.0,""highestVol"":1248081.0,""firstVolDivLTGB"":2.7585966705689566E-4,""firstVolDivVol"":0.0036580047336433174,""highestVolDivLTGB"":2.7585966705689566E-4,""highestVolDivVol"":0.0036580047336433174},{""code"":""002429.SZ"",""time"":1776924579480,""openTime"":1776924594480,""duration"":15000,""updatedTime"":1776924594480,""firstVol"":38900.0,""highestVol"":38900.0,""firstVolDivLTGB"":8.597952415358652E-6,""firstVolDivVol"":1.1383734148077038E-4,""highestVolDivLTGB"":8.597952415358652E-6,""highestVolDivVol"":1.1383734148077038E-4},{""code"":""002429.SZ"",""time"":1776924610321,""openTime"":1776924675563,""duration"":65242,""updatedTime"":1776924675563,""firstVol"":128400.0,""highestVol"":156900.0,""firstVolDivLTGB"":2.8379873782314933E-5,""firstVolDivVol"":3.755338635029167E-4,""highestVolDivLTGB"":3.467914483212783E-5,""highestVolDivVol"":4.5879280355562375E-4},{""code"":""002429.SZ"",""time"":1776924691263,""openTime"":1776924736263,""duration"":45000,""updatedTime"":1776924736263,""firstVol"":7600.0,""highestVol"":20200.0,""firstVolDivLTGB"":1.6798056132834385E-6,""firstVolDivVol"":2.216960894326692E-5,""highestVolDivLTGB"":4.464746498463876E-6,""highestVolDivVol"":5.891790443364231E-5},{""code"":""002429.SZ"",""time"":1776924751263,""openTime"":1776924826264,""duration"":75001,""updatedTime"":1776924826264,""firstVol"":101600.0,""highestVol"":165200.0,""firstVolDivLTGB"":2.245634872494702E-5,""firstVolDivVol"":2.961225952207562E-4,""highestVolDivLTGB"":3.6513669383476844E-5,""highestVolDivVol"":4.812254493457198E-4},{""code"":""002429.SZ"",""time"":1776924856264,""openTime"":1776924886264,""duration"":30000,""updatedTime"":1776924886264,""firstVol"":1271681.0,""highestVol"":1296381.0,""firstVolDivLTGB"":2.810759055402495E-4,""firstVolDivVol"":0.003695851708484346,""highestVolDivLTGB"":2.8653527378342066E-4,""highestVolDivVol"":0.0037662158975104785},{""code"":""002429.SZ"",""time"":1776925188074,""openTime"":1776925203074,""duration"":15000,""updatedTime"":1776925203074,""firstVol"":8000.0,""highestVol"":8000.0,""firstVolDivLTGB"":1.7682164350351983E-6,""firstVolDivVol"":2.2942040204663646E-5,""highestVolDivLTGB"":1.7682164350351983E-6,""highestVolDivVol"":2.2942040204663646E-5},{""code"":""002429.SZ"",""time"":1776925404775,""openTime"":1776925441356,""duration"":36581,""updatedTime"":1776925441356,""firstVol"":57260.0,""highestVol"":132460.0,""firstVolDivLTGB"":1.2656009133764432E-5,""firstVolDivVol"":1.6277410280512143E-4,""highestVolDivLTGB"":2.9277243623095297E-5,""highestVolDivVol"":3.7643882843460785E-4},{""code"":""002429.SZ"",""time"":1776925466958,""openTime"":1776925503778,""duration"":36820,""updatedTime"":1776925503778,""firstVol"":149941.0,""highestVol"":149941.0,""firstVolDivLTGB"":3.3141017560701584E-5,""firstVolDivVol"":4.255032591050677E-4,""highestVolDivLTGB"":3.3141017560701584E-5,""highestVolDivVol"":4.255032591050677E-4},{""code"":""002429.SZ"",""time"":1776925518778,""openTime"":1776925604468,""duration"":85690,""updatedTime"":1776925604468,""firstVol"":28641.0,""highestVol"":31403.0,""firstVolDivLTGB"":6.33043586448039E-6,""firstVolDivVol"":8.11326952552741E-5,""highestVolDivLTGB"":6.940912588676292E-6,""highestVolDivVol"":8.889720278269221E-5},{""code"":""002429.SZ"",""time"":1776925705258,""openTime"":1776925880115,""duration"":174857,""updatedTime"":1776925880115,""firstVol"":210600.0,""highestVol"":254800.0,""firstVolDivLTGB"":4.65482976523016E-5,""firstVolDivVol"":5.952867030503865E-4,""highestVolDivLTGB"":5.631769345587107E-5,""highestVolDivVol"":7.199924293417713E-4},{""code"":""002429.SZ"",""time"":1776926135886,""openTime"":1776926509511,""duration"":373625,""updatedTime"":1776926509511,""firstVol"":42600.0,""highestVol"":176500.0,""firstVolDivLTGB"":9.41575251656243E-6,""firstVolDivVol"":1.184835078883733E-4,""highestVolDivLTGB"":3.9011275097964065E-5,""highestVolDivVol"":4.90477361190669E-4},{""code"":""002429.SZ"",""time"":1776926549454,""openTime"":1776926832740,""duration"":283286,""updatedTime"":1776926832740,""firstVol"":820400.0,""highestVol"":1756700.0,""firstVolDivLTGB"":1.813305954128596E-4,""firstVolDivVol"":0.002260612901095182,""highestVolDivLTGB"":3.8827822642829163E-4,""highestVolDivVol"":0.004832042977703644},{""code"":""002429.SZ"",""time"":1776926896049,""openTime"":1776926950545,""duration"":54496,""updatedTime"":1776926950545,""firstVol"":85100.0,""highestVol"":85100.0,""firstVolDivLTGB"":1.8809402327686922E-5,""firstVolDivVol"":2.3241280293581886E-4,""highestVolDivLTGB"":1.8809402327686922E-5,""highestVolDivVol"":2.3241280293581886E-4},{""code"":""002429.SZ"",""time"":1776927316697,""openTime"":null,""duration"":283303,""updatedTime"":1776927600000,""firstVol"":234846.0,""highestVol"":952400.0,""firstVolDivLTGB"":5.1907319612784524E-5,""firstVolDivVol"":6.310121658584549E-4,""highestVolDivLTGB"":2.1050616659094038E-4,""highestVolDivVol"":0.0025495658871510845}]",1,CPO+MicroLED+光模块+深圳国资,952400,12476440.0,0.25495658871510846,0.021050618403877605,38,59268757623.3,首板涨停,放量涨停,33,002429,,,,,,,,,,,1,0.0,0,0,0.25495658871510846,
002448.SZ,中原内配,15.11,-0.9829619921363064,涨停, 14:07:37, 14:07:37,"[{""code"":""002448.SZ"",""time"":1776924457468,""openTime"":null,""duration"":3142532,""updatedTime"":1776927600000,""firstVol"":2.95812E7,""highestVol"":2.95812E7,""firstVolDivLTGB"":0.06493692815467544,""firstVolDivVol"":0.47119262218108066,""highestVolDivLTGB"":0.06493692815467544,""highestVolDivVol"":0.47119262218108066}]",1,氢能源+人形机器人+气缸套,3853250,67508940.0,5.368731800981471,0.6637703511998291,0,10170526580.16,首板涨停,放量涨停,33,002448,,,,,,,,,,,1,0.0,0,0,5.368731800981471,
002490.SZ,山东墨龙,10.06,1.0040160642570244,涨停, 11:12:04, 11:12:04,"[{""code"":""002490.SZ"",""time"":1776913924964,""openTime"":null,""duration"":8240030,""updatedTime"":1776927600000,""firstVol"":7.69304E7,""highestVol"":7.69304E7,""firstVolDivLTGB"":0.14201084689194826,""firstVolDivVol"":1.0855847846763018,""highestVolDivLTGB"":0.14201084689194826,""highestVolDivVol"":1.0855847846763018}]",1,油气装备+寿光国资+海外订单+业绩增长,14975599,146311602.23,17.483339044328982,2.7644435706875483,0,5292623940.0,首板涨停,放量涨停,33,002490,,,,,,,,,,,1,0.0,0,0,17.483339044328982,
002606.SZ,大连电瓷,14.49,-0.617283950617283,涨停, 09:30:00, 09:30:00,"[{""code"":""002606.SZ"",""time"":1776907800000,""openTime"":null,""duration"":14364994,""updatedTime"":1776927600000,""firstVol"":2.87273E7,""highestVol"":3.6730221E7,""firstVolDivLTGB"":0.06821285041219642,""firstVolDivVol"":4.744236358832079,""highestVolDivLTGB"":0.08721575193909333,""highestVolDivVol"":3.4366239550429043}]",1,一季报增长+特高压+海外订单+瓷绝缘子,7845895,104664239.3,34.274414348966346,1.8630043964619016,0,5618035013.7,首板涨停,一字涨停||缩量涨停,33,002606,,,,,,,,,,,1,0.0,0,0,34.274414348966346,
002787.SZ,华源控股,19.4,0.9890681936491292,涨停, 09:37:09, 13:01:46,"[{""code"":""002787.SZ"",""time"":1776908229970,""openTime"":1776908274970,""duration"":45000,""updatedTime"":1776908274970,""firstVol"":9180100.0,""highestVol"":1.08207E7,""firstVolDivLTGB"":0.03659449823896676,""firstVolDivVol"":0.8480345166611564,""highestVolDivLTGB"":0.043134398001589046,""highestVolDivVol"":0.8646910739367725},{""code"":""002787.SZ"",""time"":1776908371771,""openTime"":1776911968850,""duration"":3597079,""updatedTime"":1776911968850,""firstVol"":8327669.0,""highestVol"":8327669.0,""firstVolDivLTGB"":0.03319646502273375,""firstVolDivVol"":0.5136579351215853,""highestVolDivLTGB"":0.03319646502273375,""highestVolDivVol"":0.5136579351215853},{""code"":""002787.SZ"",""time"":1776912013851,""openTime"":1776912028852,""duration"":15001,""updatedTime"":1776912028852,""firstVol"":500.0,""highestVol"":500.0,""firstVolDivLTGB"":1.993142680306683E-6,""firstVolDivVol"":1.9913054030447936E-5,""highestVolDivLTGB"":1.993142680306683E-6,""highestVolDivVol"":1.9913054030447936E-5},{""code"":""002787.SZ"",""time"":1776912043852,""openTime"":1776912073852,""duration"":30000,""updatedTime"":1776912073852,""firstVol"":3200.0,""highestVol"":55900.0,""firstVolDivLTGB"":1.275611315396277E-5,""firstVolDivVol"":1.265689757211831E-4,""highestVolDivLTGB"":2.2283335165828712E-4,""highestVolDivVol"":0.002199855754002134},{""code"":""002787.SZ"",""time"":1776912178852,""openTime"":1776912193853,""duration"":15001,""updatedTime"":1776912193853,""firstVol"":20400.0,""highestVol"":20400.0,""firstVolDivLTGB"":8.132022135651266E-5,""firstVolDivVol"":7.726612160467948E-4,""highestVolDivLTGB"":8.132022135651266E-5,""highestVolDivVol"":7.726612160467948E-4},{""code"":""002787.SZ"",""time"":1776912208853,""openTime"":1776912223853,""duration"":15000,""updatedTime"":1776912223853,""firstVol"":200.0,""highestVol"":200.0,""firstVolDivLTGB"":7.972570721226731E-7,""firstVolDivVol"":7.486442894143531E-6,""highestVolDivLTGB"":7.972570721226731E-7,""highestVolDivVol"":7.486442894143531E-6},{""code"":""002787.SZ"",""time"":1776912313854,""openTime"":1776914020950,""duration"":1707096,""updatedTime"":1776914020950,""firstVol"":1512500.0,""highestVol"":1896400.0,""firstVolDivLTGB"":0.006029256607927715,""firstVolDivVol"":0.055547074042725596,""highestVolDivLTGB"":0.0075595915578671865,""highestVolDivVol"":0.06858004907140465},{""code"":""002787.SZ"",""time"":1776914051402,""openTime"":1776914173244,""duration"":121842,""updatedTime"":1776914173244,""firstVol"":56100.0,""highestVol"":298000.0,""firstVolDivLTGB"":2.236306087304098E-4,""firstVolDivVol"":0.0019519794271806769,""highestVolDivLTGB"":0.001187913037462783,""highestVolDivVol"":0.010363466596269284},{""code"":""002787.SZ"",""time"":1776914192091,""openTime"":1776914226037,""duration"":33946,""updatedTime"":1776914226037,""firstVol"":5500.0,""highestVol"":5500.0,""firstVolDivLTGB"":2.1924569483373512E-5,""firstVolDivVol"":1.9034265727416787E-4,""highestVolDivLTGB"":2.1924569483373512E-5,""highestVolDivVol"":1.9034265727416787E-4},{""code"":""002787.SZ"",""time"":1776914346037,""openTime"":1776920491946,""duration"":710903,""updatedTime"":1776920491946,""firstVol"":115786.0,""highestVol"":2211386.0,""firstVolDivLTGB"":4.6155603676397913E-4,""firstVolDivVol"":0.00391203664676839,""highestVolDivLTGB"":0.008815215638465348,""highestVolDivVol"":0.07426347837437781},{""code"":""002787.SZ"",""time"":1776920506946,""openTime"":null,""duration"":7093054,""updatedTime"":1776927600000,""firstVol"":1222000.0,""highestVol"":2364300.0,""firstVolDivLTGB"":0.0048712407106695325,""firstVolDivVol"":0.039533398491189406,""highestVolDivLTGB"":0.00942477447809818,""highestVolDivVol"":0.07571533021353594}]",1,半导体收购+温控设备+金属包装+一季报增长,1796500,34923960.0,5.654514721614848,0.7161361650341911,10,4876720616.16,首板涨停,放量涨停,33,002787,锂电池概念;长三角一体化;食品安全;液冷服务器;2025年报预增;芯片概念;创投;海峡两岸,50886496.0,30701056.0,0.915696,8.0,4866686211.6,518479669.0,487778613.0,13.44892,5.622071,1,50886496.0,0,0,5.654514721614848,锂电池概念;长三角一体化;食品安全;液冷服务器;2025年报预增;芯片概念;创投;海峡两岸
002793.SZ,罗欣药业,5.53,2.597402597402608,涨停, 09:50:23, 09:50:23,"[{""code"":""002793.SZ"",""time"":1776909023247,""openTime"":null,""duration"":13141747,""updatedTime"":1776927600000,""firstVol"":7.24652E7,""highestVol"":7.24652E7,""firstVolDivLTGB"":0.0667307823720669,""firstVolDivVol"":1.9950328732826563,""highestVolDivLTGB"":0.0667307823720669,""highestVolDivVol"":1.9950328732826563}]",1,一季报增长+创新药+替戈拉生片+医保全覆盖,13966808,78633129.03999999,27.80609613089985,1.286156700154616,0,6113806274.97,首板涨停,放量涨停,33,002793,仿制药一致性评价;医药电商;创新药;流感;幽门螺杆菌概念;民营医院;股权转让(并购重组);医疗器械概念;深股通,16772887.0,7500900.299999997,0.825556,9.0,6005212913.07,165381786.3,157880886.0,5.423746,5.565862,1,16772887.0,0,0,27.80609613089985,仿制药一致性评价;医药电商;创新药;流感;幽门螺杆菌概念;民营医院;股权转让(并购重组);医疗器械概念;深股通
002971.SZ,和远气体,31.74,-1.9765287214329958,涨停, 13:49:34, 13:49:34,"[{""code"":""002971.SZ"",""time"":1776923374482,""openTime"":null,""duration"":4225518,""updatedTime"":1776927600000,""firstVol"":1.03605E7,""highestVol"":1.03605E7,""firstVolDivLTGB"":0.06624303434720992,""firstVolDivVol"":0.8793073158063139,""highestVolDivLTGB"":0.06624303434720992,""highestVolDivVol"":0.8793073158063139}]",1,电子特气+硅基新材料+国产替代,622400,21086912.0,3.992069738071735,0.39795052919939633,0,5298877738.0,首板涨停,放量涨停,33,002971,,,,,,,,,,,1,0.0,0,0,3.992069738071735,
003022.SZ,联泓新科,24.09,-3.9856516540454363,涨停, 10:29:57, 10:29:57,"[{""code"":""003022.SZ"",""time"":1776911397543,""openTime"":null,""duration"":10767451,""updatedTime"":1776927600000,""firstVol"":4.279603E7,""highestVol"":4.279603E7,""firstVolDivLTGB"":0.03207060053442595,""firstVolDivVol"":1.3091284234933875,""highestVolDivLTGB"":0.03207060053442595,""highestVolDivVol"":1.3091284234933875}]",1,一季报倍增+VC投产+EVA+电子特气,4252611,105337174.47,10.913702926212668,0.318683271811207,0,33053876305.25,首板涨停,放量涨停,33,003022,,,,,,,,,,,1,0.0,0,0,10.913702926212668,
300061.SZ,旗天科技,9.59,-0.6217616580310932,涨停, 09:35:54, 09:35:54,"[{""code"":""300061.SZ"",""time"":1776908154970,""openTime"":null,""duration"":14010024,""updatedTime"":1776927600000,""firstVol"":7.7393243E7,""highestVol"":9.0024437E7,""firstVolDivLTGB"":0.12439249673849034,""firstVolDivVol"":3.302979389615013,""highestVolDivLTGB"":0.14469434348302124,""highestVolDivVol"":3.6974439403001895}]",1,一季报扭亏+七彩虹入主+AI营销,9692407,94985588.60000001,28.079137662505318,1.5578397537051405,0,6097263109.0,首板涨停,放量涨停,33,300061,,,,,,,,,,,1,0.0,0,0,28.079137662505318,
300067.SZ,安诺其,6.85,-3.7921348314606806,涨停, 09:30:00, 09:30:00,"[{""code"":""300067.SZ"",""time"":1776907800000,""openTime"":null,""duration"":14364994,""updatedTime"":1776927600000,""firstVol"":2.0095236E8,""highestVol"":2.0095236E8,""firstVolDivLTGB"":0.21435291522690517,""firstVolDivVol"":16.1805963633178,""highestVolDivLTGB"":0.21435291522690517,""highestVolDivVol"":16.1805963633178}]",3,拟收购烽云信息+算力服务,74240805,539730652.35,229.3754853591654,7.919157048238795,0,6813906953.6,3天3板,一字涨停||放量涨停,33,300067,,,,,,,,,,,3,0.0,0,0,229.3754853591654,
300590.SZ,移为通信,14.67,-2.5896414342629517,涨停, 09:30:15, 09:42:50,"[{""code"":""300590.SZ"",""time"":1776907815088,""openTime"":1776908537300,""duration"":722212,""updatedTime"":1776908537300,""firstVol"":2.773764E7,""highestVol"":3.165775E7,""firstVolDivLTGB"":0.07826887189549868,""firstVolDivVol"":3.310632761820645,""highestVolDivLTGB"":0.08933046860690827,""highestVolDivVol"":3.0086231786129662},{""code"":""300590.SZ"",""time"":1776908570154,""openTime"":null,""duration"":13594840,""updatedTime"":1776927600000,""firstVol"":4.624295E7,""highestVol"":4.973065E7,""firstVolDivLTGB"":0.13048635462930339,""firstVolDivVol"":1.2696709565481739,""highestVolDivLTGB"":0.14032779552009045,""highestVolDivVol"":1.3427866111263038}]",1,一季报高增+物联网+芯片设计,6515101,94859870.56,12.064439291515999,1.8384029987959873,1,5159906213.28,首板涨停,T字涨停||放量涨停,33,300590,,,,,,,,,,,1,0.0,0,0,12.064439291515999,
300721.SZ,怡达股份,20.0,-9.049567985447924,涨停, 09:30:00, 09:52:28,"[{""code"":""300721.SZ"",""time"":1776907800000,""openTime"":1776909073855,""duration"":1273855,""updatedTime"":1776909073855,""firstVol"":2.984831E7,""highestVol"":2.984831E7,""firstVolDivLTGB"":0.21574231966800486,""firstVolDivVol"":8.323125657034346,""highestVolDivLTGB"":0.21574231966800486,""highestVolDivVol"":8.323125657034346},{""code"":""300721.SZ"",""time"":1776909148855,""openTime"":null,""duration"":13016139,""updatedTime"":1776927600000,""firstVol"":1.92029E7,""highestVol"":1.92029E7,""firstVolDivLTGB"":0.13879774735496686,""firstVolDivVol"":1.0730737825748853,""highestVolDivLTGB"":0.13879774735496686,""highestVolDivVol"":1.0730737825748853}]",1,原料短缺+光刻胶基材+湿电子化学品+HPPO环氧丙烷,3389620,59962377.800000004,14.995213380591984,2.4500029703291832,1,2447441024.61,首板涨停,T字涨停||放量涨停,33,300721,,,,,,,,,,,1,0.0,0,0,14.995213380591984,
300970.SZ,华绿生物,35.3,-2.7548209366391188,涨停, 10:18:24, 10:25:43,"[{""code"":""300970.SZ"",""time"":1776910704233,""openTime"":1776910941746,""duration"":237513,""updatedTime"":1776910941746,""firstVol"":7890870.0,""highestVol"":7890870.0,""firstVolDivLTGB"":0.0832744645670286,""firstVolDivVol"":0.4496675989354823,""highestVolDivLTGB"":0.0832744645670286,""highestVolDivVol"":0.4496675989354823},{""code"":""300970.SZ"",""time"":1776911143639,""openTime"":null,""duration"":11021355,""updatedTime"":1776927600000,""firstVol"":4792800.0,""highestVol"":4792800.0,""firstVolDivLTGB"":0.05057970208314858,""firstVolDivVol"":0.23517832614446657,""highestVolDivLTGB"":0.05057970208314858,""highestVolDivVol"":0.23517832614446657}]",1,净利暴增+金针菇涨价+扩产+食用菌,746705,31361610.0,3.2620418646435128,0.7880177859288404,1,3979809918.0,首板涨停,放量涨停,33,300970,,,,,,,,,,,1,0.0,0,0,3.2620418646435128,
600052.SH,东望时代,4.44,9.90099009900991,涨停, 13:31:13, 13:31:13,"[{""code"":""600052.SH"",""time"":1776922273674,""openTime"":null,""duration"":5326326,""updatedTime"":1776927600000,""firstVol"":6.0410027E7,""highestVol"":6.4941427E7,""firstVolDivLTGB"":0.07155935007181002,""firstVolDivVol"":0.6647182906767443,""highestVolDivLTGB"":0.07692706889298188,""highestVolDivVol"":0.7139570983217924}]",2,收购调整+锂电池+热水服务+国资背景,21243761,97296425.38,21.14957959560701,2.5164526581669384,0,3866411913.78,2天2板,放量涨停,17,600052,文化传媒概念;体育产业;国企改革;储能;锂电池概念,29979237.0,2593957.0,0.646379,5.0,3748224650.04,166612071.0,164018114.0,6.382085,9.90099,2,29979237.0,0,0,21.14957959560701,文化传媒概念;体育产业;国企改革;储能;锂电池概念
600186.SH,莲花控股,10.72,-0.9242144177449135,涨停, 10:01:19, 10:20:49,"[{""code"":""600186.SH"",""time"":1776909679861,""openTime"":1776910624770,""duration"":944909,""updatedTime"":1776910624770,""firstVol"":1.16093911E8,""highestVol"":1.16093911E8,""firstVolDivLTGB"":0.06488817079372429,""firstVolDivVol"":0.5788929689437302,""highestVolDivLTGB"":0.06488817079372429,""highestVolDivVol"":0.5788929689437302},{""code"":""600186.SH"",""time"":1776910849600,""openTime"":null,""duration"":11315394,""updatedTime"":1776927600000,""firstVol"":6.6369E7,""highestVol"":6.6369E7,""firstVolDivLTGB"":0.03709551147267911,""firstVolDivVol"":0.25093358568475105,""highestVolDivLTGB"":0.03709551147267911,""highestVolDivVol"":0.25093358568475105}]",1,业绩高增+算力租赁+调味品,19335700,182722365.0,5.957951578862869,1.0807269676841318,1,16907356849.95,首板涨停,放量涨停,17,600186,,,,,,,,,,,1,0.0,0,0,5.957951578862869,
600265.SH,*ST景谷,22.02,-0.13605442176871263,涨停, 10:34:09, 14:55:16,"[{""code"":""600265.SH"",""time"":1776911649408,""openTime"":1776913358213,""duration"":1708805,""updatedTime"":1776913358213,""firstVol"":43800.0,""highestVol"":509600.0,""firstVolDivLTGB"":3.37442218798151E-4,""firstVolDivVol"":0.050269711924710206,""highestVolDivLTGB"":0.003926040061633282,""highestVolDivVol"":0.5725199415795978},{""code"":""600265.SH"",""time"":1776913389702,""openTime"":1776913421380,""duration"":31678,""updatedTime"":1776913421380,""firstVol"":800.0,""highestVol"":800.0,""firstVolDivLTGB"":6.163328197226502E-6,""firstVolDivVol"":6.545573555882834E-4,""highestVolDivLTGB"":6.163328197226502E-6,""highestVolDivVol"":6.545573555882834E-4},{""code"":""600265.SH"",""time"":1776927316697,""openTime"":null,""duration"":283303,""updatedTime"":1776927600000,""firstVol"":44000.0,""highestVol"":50700.0,""firstVolDivLTGB"":3.3898305084745765E-4,""firstVolDivVol"":0.02266172229089411,""highestVolDivLTGB"":3.9060092449922957E-4,""highestVolDivVol"":0.026041399147362473}]",1,算力租赁+资产重组+林业,50700,1077375.0,2.604139914736247,0.03906009244992296,2,2758250000.0,首板涨停,放量涨停,22,600265,,,,,,,,,,,1,0.0,0,0,2.604139914736247,
600310.SH,广西能源,4.94,-2.371541501976269,涨停, 13:43:00, 14:25:03,"[{""code"":""600310.SH"",""time"":1776922980691,""openTime"":1776923010692,""duration"":30001,""updatedTime"":1776923010692,""firstVol"":4.8933131E7,""highestVol"":4.8933131E7,""firstVolDivLTGB"":0.03338525826789988,""firstVolDivVol"":0.27271222569876014,""highestVolDivLTGB"":0.03338525826789988,""highestVolDivVol"":0.27271222569876014},{""code"":""600310.SH"",""time"":1776925503778,""openTime"":null,""duration"":2096222,""updatedTime"":1776927600000,""firstVol"":5.42443E7,""highestVol"":5.42443E7,""firstVolDivLTGB"":0.03700887165919224,""firstVolDivVol"":0.2260522389316111,""highestVolDivLTGB"":0.03700887165919224,""highestVolDivVol"":0.2260522389316111}]",1,绿电扩张+海上风电+广西国资,14006107,73952244.96000001,5.735089595492718,0.955584672321173,1,7738952612.16,首板涨停,放量涨停,17,600310,,,,,,,,,,,1,0.0,0,0,5.735089595492718,
600381.SH,*ST春天,3.59,4.970760233918127,涨停, 09:54:12, 13:17:08,"[{""code"":""600381.SH"",""time"":1776909252661,""openTime"":1776909440582,""duration"":187921,""updatedTime"":1776909440582,""firstVol"":331900.0,""highestVol"":476200.0,""firstVolDivLTGB"":5.653588748493744E-4,""firstVolDivVol"":0.07587350544739307,""highestVolDivLTGB"":8.111596752132332E-4,""highestVolDivVol"":0.10870691729371368},{""code"":""600381.SH"",""time"":1776909530017,""openTime"":1776909679861,""duration"":149844,""updatedTime"":1776909679861,""firstVol"":5000.0,""highestVol"":34900.0,""firstVolDivLTGB"":8.517006249613957E-6,""firstVolDivVol"":0.0010983492689167597,""highestVolDivLTGB"":5.944870362230541E-5,""highestVolDivVol"":0.007662942930177635},{""code"":""600381.SH"",""time"":1776909862183,""openTime"":1776909892185,""duration"":30002,""updatedTime"":1776909892185,""firstVol"":4700.0,""highestVol"":8900.0,""firstVolDivLTGB"":8.005985874637119E-6,""firstVolDivVol"":9.647782057013876E-4,""highestVolDivLTGB"":1.5160271124312843E-5,""highestVolDivVol"":0.0018266204689037363},{""code"":""600381.SH"",""time"":1776909907185,""openTime"":1776909922185,""duration"":15000,""updatedTime"":1776909922185,""firstVol"":70400.0,""highestVol"":70400.0,""firstVolDivLTGB"":1.199194479945645E-4,""firstVolDivVol"":0.01441268512827904,""highestVolDivLTGB"":1.199194479945645E-4,""highestVolDivVol"":0.01441268512827904},{""code"":""600381.SH"",""time"":1776909937185,""openTime"":1776909968317,""duration"":31132,""updatedTime"":1776909968317,""firstVol"":7800.0,""highestVol"":7800.0,""firstVolDivLTGB"":1.3286529749397772E-5,""firstVolDivVol"":0.0015728387682978618,""highestVolDivLTGB"":1.3286529749397772E-5,""highestVolDivVol"":0.0015728387682978618},{""code"":""600381.SH"",""time"":1776910001313,""openTime"":1776914541290,""duration"":4539977,""updatedTime"":1776914541290,""firstVol"":46600.0,""highestVol"":1720400.0,""firstVolDivLTGB"":7.937849824640207E-5,""firstVolDivVol"":0.009349383241651863,""highestVolDivLTGB"":0.00293053151036717,""highestVolDivVol"":0.33000299619088613},{""code"":""600381.SH"",""time"":1776914698331,""openTime"":1776914734099,""duration"":35768,""updatedTime"":1776914734099,""firstVol"":115100.0,""highestVol"":115100.0,""firstVolDivLTGB"":1.9606148386611328E-4,""firstVolDivVol"":0.018433737679744957,""highestVolDivLTGB"":1.9606148386611328E-4,""highestVolDivVol"":0.018433737679744957},{""code"":""600381.SH"",""time"":1776914749099,""openTime"":1776914768083,""duration"":18984,""updatedTime"":1776914768083,""firstVol"":12700.0,""highestVol"":12700.0,""firstVolDivLTGB"":2.163319587401945E-5,""firstVolDivVol"":0.002016966019363509,""highestVolDivLTGB"":2.163319587401945E-5,""highestVolDivVol"":0.002016966019363509},{""code"":""600381.SH"",""time"":1776914843085,""openTime"":1776914888085,""duration"":45000,""updatedTime"":1776914888085,""firstVol"":21600.0,""highestVol"":21700.0,""firstVolDivLTGB"":3.679346699833229E-5,""firstVolDivVol"":0.003373110004300715,""highestVolDivLTGB"":3.696380712332457E-5,""highestVolDivVol"":0.0033886204192332472},{""code"":""600381.SH"",""time"":1776914948120,""openTime"":1776920417503,""duration"":34377,""updatedTime"":1776920417503,""firstVol"":104300.0,""highestVol"":161600.0,""firstVolDivLTGB"":1.776647503669471E-4,""firstVolDivVol"":0.016186638930558234,""highestVolDivLTGB"":2.7526964198752306E-4,""highestVolDivVol"":0.025058980093307485},{""code"":""600381.SH"",""time"":1776921066363,""openTime"":1776921126435,""duration"":60072,""updatedTime"":1776921126435,""firstVol"":7825.0,""highestVol"":10625.0,""firstVolDivLTGB"":1.3329114780645841E-5,""firstVolDivVol"":0.0010598872171641862,""highestVolDivLTGB"":1.8098638280429658E-5,""highestVolDivVol"":0.0014390855082260837},{""code"":""600381.SH"",""time"":1776921156436,""openTime"":1776921186436,""duration"":30000,""updatedTime"":1776921186436,""firstVol"":11725.0,""highestVol"":12425.0,""firstVolDivLTGB"":1.9972379655344727E-5,""firstVolDivVol"":0.0015754620806768267,""highestVolDivLTGB"":2.116476053029068E-5,""highestVolDivVol"":0.0016695195183291745},{""code"":""600381.SH"",""time"":1776921246436,""openTime"":1776921338761,""duration"":92325,""updatedTime"":1776921338761,""firstVol"":14125.0,""highestVol"":17925.0,""firstVolDivLTGB"":2.4060542655159425E-5,""firstVolDivVol"":0.0018827155516036671,""highestVolDivLTGB"":3.053346740486603E-5,""highestVolDivVol"":0.0023888976033859576},{""code"":""600381.SH"",""time"":1776921428762,""openTime"":null,""duration"":6171238,""updatedTime"":1776927600000,""firstVol"":77425.0,""highestVol"":718941.0,""firstVolDivLTGB"":1.3188584177527212E-4,""firstVolDivVol"":0.010175234825495216,""highestVolDivLTGB"":0.0012246449980207413,""highestVolDivVol"":0.09147827149136452}]",1,高端白酒+虫草龙头+退市博弈,422941,1442228.81,5.1316923782524215,0.07204382280435952,13,2001877126.81,10天6板,缩量涨停,22,600381,白酒概念;ST板块;西部大开发,2294577.2,21667402.1,0.090386,3.0,2107548060.19,42982162.6,21314760.5,0.186129,0,6,2294577.2,0,0,5.1316923782524215,白酒概念;ST板块;西部大开发
600396.SH,华电辽能,9.92,-4.889741131351868,涨停, 13:43:30, 13:43:30,"[{""code"":""600396.SH"",""time"":1776923010692,""openTime"":null,""duration"":4589308,""updatedTime"":1776927600000,""firstVol"":2.426784E7,""highestVol"":3.495434E7,""firstVolDivLTGB"":0.016478391842739734,""firstVolDivVol"":0.06282457073045358,""highestVolDivLTGB"":0.02373475806352569,""highestVolDivVol"":0.08971315732779253}]",3,火电+绿电+央企,9013890,88606538.7,2.2258560260527602,0.6120627606220961,0,14476708011.11,3天3板,放量涨停,17,600396,,,,,,,,,,,3,0.0,0,0,2.2258560260527602,
600599.SH,*ST熊猫,3.95,0.0,涨停, 09:47:01, 09:51:43,"[{""code"":""600599.SH"",""time"":1776908821949,""openTime"":1776908978247,""duration"":156298,""updatedTime"":1776908978247,""firstVol"":95500.0,""highestVol"":157800.0,""firstVolDivLTGB"":5.753012048192771E-4,""firstVolDivVol"":0.04808115898249191,""highestVolDivLTGB"":9.506024096385542E-4,""highestVolDivVol"":0.07489943398241429},{""code"":""600599.SH"",""time"":1776909103855,""openTime"":null,""duration"":13061139,""updatedTime"":1776927600000,""firstVol"":12400.0,""highestVol"":802700.0,""firstVolDivLTGB"":7.469879518072289E-5,""firstVolDivVol"":0.005103668261562998,""highestVolDivLTGB"":0.004835542168674699,""highestVolDivVol"":0.29965748630411854}]",1,退市博弈+烟花爆竹+业绩预盈,582600,2592570.0,20.371163579464497,0.35096385542168673,1,738700000.0,3天2板,缩量涨停,22,600599,,,,,,,,,,,2,0.0,0,0,20.371163579464497,
600696.SH,*ST岩石,1.31,0.0,涨停, 09:30:15, 09:30:15,"[{""code"":""600696.SH"",""time"":1776907815088,""openTime"":null,""duration"":14349906,""updatedTime"":1776927600000,""firstVol"":54900.0,""highestVol"":3905399.0,""firstVolDivLTGB"":1.6414056087535247E-4,""firstVolDivVol"":0.04926417803302226,""highestVolDivLTGB"":0.011676400406230249,""highestVolDivVol"":1.2328422776556986}]",5,退市博弈+酱香型白酒,3823400,5008654.0,119.51400430680535,1.1431238988175276,0,438154954.61,5天5板,缩量涨停,22,600696,,,,,,,,,,,5,0.0,0,0,119.51400430680535,
600726.SH,华电能源,6.59,-7.183098591549293,涨停, 10:35:13, 10:35:13,"[{""code"":""600726.SH"",""time"":1776911713679,""openTime"":null,""duration"":10451315,""updatedTime"":1776927600000,""firstVol"":2.1797028E8,""highestVol"":2.3964388E8,""firstVolDivLTGB"":0.029158592193717154,""firstVolDivVol"":0.6846663825437279,""highestVolDivLTGB"":0.032057940048707975,""highestVolDivVol"":0.7407425678734109}]",1,一季报增长+绿电转型+热电联产+煤炭,33728600,177749722.0,9.630196799655412,0.45119843524768993,0,39395021816.16,首板涨停,放量涨停,17,600726,,,,,,,,,,,1,0.0,0,0,9.630196799655412,
600736.SH,苏州高新,8.15,-2.9761904761904763,涨停, 09:30:00, 09:30:00,"[{""code"":""600736.SH"",""time"":1776907800000,""openTime"":null,""duration"":14364994,""updatedTime"":1776927600000,""firstVol"":6.069347E7,""highestVol"":6.3172329E7,""firstVolDivLTGB"":0.05271766170969731,""firstVolDivVol"":4.672455643463286,""highestVolDivLTGB"":0.05487077060572909,""highestVolDivVol"":3.5222596427990567}]",3,商业航天+产业园运营+苏州+脑机接口,28447883,238108780.70999998,94.40517608506084,2.4709509480196945,0,9636321631.59,3天3板,一字涨停||放量涨停,17,600736,,,,,,,,,,,3,0.0,0,0,94.40517608506084,
600770.SH,综艺股份,7.62,-3.422053231939158,涨停, 09:51:13, 09:51:13,"[{""code"":""600770.SH"",""time"":1776909073855,""openTime"":null,""duration"":13091139,""updatedTime"":1776927600000,""firstVol"":7.8222099E7,""highestVol"":7.8862799E7,""firstVolDivLTGB"":0.06017084538461538,""firstVolDivVol"":2.364862883807899,""highestVolDivLTGB"":0.06066369153846154,""highestVolDivVol"":2.3213647668602118}]",1,功率半导体+吉莱微并购+芯片设计,12091309,76658899.06,24.006796543339956,0.9301006923076923,0,8242000000.0,首板涨停,放量涨停,17,600770,,,,,,,,,,,1,0.0,0,0,24.006796543339956,
600986.SH,浙文互联,9.99,-6.896551724137933,涨停, 09:44:45, 13:00:57,"[{""code"":""600986.SH"",""time"":1776908685774,""openTime"":1776908728227,""duration"":42453,""updatedTime"":1776908728227,""firstVol"":4.55774E7,""highestVol"":5.4260746E7,""firstVolDivLTGB"":0.030642863261118237,""firstVolDivVol"":0.2738846211742677,""highestVolDivLTGB"":0.036480901063339906,""highestVolDivVol"":0.31179156382695267},{""code"":""600986.SH"",""time"":1776909008247,""openTime"":1776909186847,""duration"":178600,""updatedTime"":1776909186847,""firstVol"":7.294906E7,""highestVol"":7.62E7,""firstVolDivLTGB"":0.04904553727520899,""firstVolDivVol"":0.3469112846773089,""highestVolDivLTGB"":0.051231228207339816,""highestVolDivVol"":0.36060320113424377},{""code"":""600986.SH"",""time"":1776909402280,""openTime"":1776914993121,""duration"":5590841,""updatedTime"":1776914993121,""firstVol"":7.2897999E7,""highestVol"":7.77354E7,""firstVolDivLTGB"":0.04901120764602926,""firstVolDivVol"":0.3032767140243412,""highestVolDivLTGB"":0.05226351728594283,""highestVolDivVol"":0.32188499454286934},{""code"":""600986.SH"",""time"":1776920457733,""openTime"":null,""duration"":7142267,""updatedTime"":1776927600000,""firstVol"":4.3761912E7,""highestVol"":4.75547E7,""firstVolDivLTGB"":0.02942226378558429,""firstVolDivVol"":0.15252087058984834,""highestVolDivLTGB"":0.03197225312377405,""highestVolDivVol"":0.16341692144701261}]",1,算力租赁+AI营销+浙江国资,13604971,165028298.23000002,4.496712383934954,0.9146973412798428,3,18041847372.06,首板涨停,放量涨停,17,600986,,,,,,,,,,,1,0.0,0,0,4.496712383934954,
601016.SH,节能风电,4.26,-6.5789473684210495,涨停, 13:36:56, 13:36:56,"[{""code"":""601016.SH"",""time"":1776922616070,""openTime"":null,""duration"":4983930,""updatedTime"":1776927600000,""firstVol"":2.6996165E8,""highestVol"":2.775216E8,""firstVolDivLTGB"":0.04470897301575341,""firstVolDivVol"":0.33912617156315294,""highestVolDivLTGB"":0.04596099381407956,""highestVolDivVol"":0.3473059080884592}]",1,风电+储能突破+绿电扩张+央企,38536397,172643058.56,4.469524937156274,0.6382101804450228,0,27051128899.2,首板涨停,放量涨停,17,601016,,,,,,,,,,,1,0.0,0,0,4.469524937156274,
601101.SH,昊华能源,11.69,6.855575868372943,涨停, 09:33:49, 10:04:07,"[{""code"":""601101.SH"",""time"":1776908029470,""openTime"":1776908585154,""duration"":555684,""updatedTime"":1776908585154,""firstVol"":5794800.0,""highestVol"":1.2249565E7,""firstVolDivLTGB"":0.0040241724625928385,""firstVolDivVol"":0.42428055057188696,""highestVolDivLTGB"":0.008506654613056714,""highestVolDivVol"":0.5546533126158814},{""code"":""601101.SH"",""time"":1776909847183,""openTime"":null,""duration"":12317811,""updatedTime"":1776927600000,""firstVol"":4.2017759E7,""highestVol"":4.2017759E7,""firstVolDivLTGB"":0.029179041331480363,""firstVolDivVol"":0.8171261943693735,""highestVolDivLTGB"":0.029179041331480363,""highestVolDivVol"":0.8171261943693735}]",1,一季报增长+煤炭+高股息+北京国资,3690665,34544624.4,6.502170144310364,0.2562965496937806,1,13478380587.36,首板涨停,放量涨停,17,601101,煤炭概念;煤化工概念;高股息精选;国企改革;融资融券;沪股通,26510480.0,120165477.9,0.961651,6.0,16833575754.94,502511115.9,382345638.0,4.82576,9.232175,1,26510480.0,0,0,6.502170144310364,煤炭概念;煤化工概念;高股息精选;国企改革;融资融券;沪股通
601512.SH,中新集团,10.06,-4.190476190476185,涨停, 09:34:49, 09:34:49,"[{""code"":""601512.SH"",""time"":1776908089745,""openTime"":null,""duration"":14075249,""updatedTime"":1776927600000,""firstVol"":5322900.0,""highestVol"":1.84002E7,""firstVolDivLTGB"":0.0035512279086524026,""firstVolDivVol"":0.2575979764217203,""highestVolDivLTGB"":0.012275884154274164,""highestVolDivVol"":0.6014252250098523}]",2,机器人+绿色电力+间接参股昆仑芯+苏州,3828833,43457254.55,10.018692256885135,0.2554445623094423,0,17012401500.0,2天2板,放量涨停,17,601512,,,,,,,,,,,2,0.0,0,0,10.018692256885135,
601778.SH,晶科科技,6.5,-6.609195402298851,涨停, 13:11:51, 13:11:51,"[{""code"":""601778.SH"",""time"":1776921111435,""openTime"":null,""duration"":6488565,""updatedTime"":1776927600000,""firstVol"":2.3503749E8,""highestVol"":2.8915036E8,""firstVolDivLTGB"":0.0650570941941002,""firstVolDivVol"":0.29656715935606637,""highestVolDivLTGB"":0.08003524121525456,""highestVolDivVol"":0.3626731421876627}]",1,算力中心+绿电直连+储能,59450440,427448663.6,7.176628158030118,1.6455557260080946,0,25975945806.28,首板涨停,放量涨停,17,601778,,,,,,,,,,,1,0.0,0,0,7.176628158030118,
603017.SH,中衡设计,15.4,0.7194244604316626,涨停, 10:06:08, 10:07:11,"[{""code"":""603017.SH"",""time"":1776909968317,""openTime"":1776910016325,""duration"":48008,""updatedTime"":1776910016325,""firstVol"":1.59618E7,""highestVol"":1.63965E7,""firstVolDivLTGB"":0.057792762470475385,""firstVolDivVol"":0.526785107563428,""highestVolDivLTGB"":0.05936667730751855,""highestVolDivVol"":0.5323798064068118},{""code"":""603017.SH"",""time"":1776910031325,""openTime"":null,""duration"":12133669,""updatedTime"":1776927600000,""firstVol"":1.56793E7,""highestVol"":2.38728E7,""firstVolDivLTGB"":0.05676991696446044,""firstVolDivVol"":0.4616038960872642,""highestVolDivLTGB"":0.08643605733095044,""highestVolDivVol"":0.6610052453073232}]",1,商业航天+工程设计+低空经济,3798398,62521631.080000006,9.339258198833708,1.3752829466747407,1,4546092222.78,4天3板,放量涨停,17,603017,,,,,,,,,,,3,0.0,0,0,9.339258198833708,
603060.SH,国检集团,6.68,-1.764705882352943,涨停, 10:19:37, 10:19:37,"[{""code"":""603060.SH"",""time"":1776910777657,""openTime"":null,""duration"":11387337,""updatedTime"":1776927600000,""firstVol"":4.2512302E7,""highestVol"":4.3035001E7,""firstVolDivLTGB"":0.052878563240834064,""firstVolDivVol"":2.432965974029051,""highestVolDivLTGB"":0.053528717921411485,""highestVolDivVol"":2.4198517128849804}]",1,商业航天+新材料检测+央企,12134965,80454817.95,57.43659568457993,1.5093972426565092,0,5330261357.07,首板涨停,放量涨停,17,603060,,,,,,,,,,,1,0.0,0,0,57.43659568457993,
603198.SH,迎驾贡酒,38.0,-2.162718846549957,涨停, 09:45:28, 09:45:28,"[{""code"":""603198.SH"",""time"":1776908728227,""openTime"":null,""duration"":13436767,""updatedTime"":1776927600000,""firstVol"":1.8790804E7,""highestVol"":1.9413204E7,""firstVolDivLTGB"":0.023488505,""firstVolDivVol"":1.744986396838989,""highestVolDivLTGB"":0.024266505,""highestVolDivVol"":1.7456892144732867}]",1,Q1业绩回暖+白酒+洞藏系列+高分红,797500,31118450.000000004,4.66662098546981,0.0996875,0,31216000000.0,首板涨停,放量涨停,17,603198,,,,,,,,,,,1,0.0,0,0,4.66662098546981,
603220.SH,中贝通信,28.26,-2.383419689119163,涨停, 13:55:47, 13:55:47,"[{""code"":""603220.SH"",""time"":1776923747596,""openTime"":null,""duration"":3852404,""updatedTime"":1776927600000,""firstVol"":2.4459781E7,""highestVol"":2.4459781E7,""firstVolDivLTGB"":0.05632505988782223,""firstVolDivVol"":0.2671340155861753,""highestVolDivLTGB"":0.05632505988782223,""highestVolDivVol"":0.2671340155861753}]",1,算力租赁+光模块+AI基金,3238290,110846666.69999999,3.3106086570204565,0.7457011908002604,0,14864756563.02,首板涨停,放量涨停,17,603220,,,,,,,,,,,1,0.0,0,0,3.3106086570204565,
603308.SH,应流股份,75.58,-1.0862452558565612,涨停, 09:41:48, 14:34:18,"[{""code"":""603308.SH"",""time"":1776908508357,""openTime"":1776908537300,""duration"":28943,""updatedTime"":1776908537300,""firstVol"":8812000.0,""highestVol"":8812000.0,""firstVolDivLTGB"":0.012977116473556781,""firstVolDivVol"":0.8573740050856717,""highestVolDivLTGB"":0.012977116473556781,""highestVolDivVol"":0.8573740050856717},{""code"":""603308.SH"",""time"":1776908585154,""openTime"":1776908628824,""duration"":43670,""updatedTime"":1776908628824,""firstVol"":3474771.0,""highestVol"":3474771.0,""firstVolDivLTGB"":0.005117170674754581,""firstVolDivVol"":0.2861725802740223,""highestVolDivLTGB"":0.005117170674754581,""highestVolDivVol"":0.2861725802740223},{""code"":""603308.SH"",""time"":1776908643824,""openTime"":1776908658824,""duration"":15000,""updatedTime"":1776908658824,""firstVol"":84480.0,""highestVol"":84480.0,""firstVolDivLTGB"":1.2441066723627744E-4,""firstVolDivVol"":0.0065706967458562145,""highestVolDivLTGB"":1.2441066723627744E-4,""highestVolDivVol"":0.0065706967458562145},{""code"":""603308.SH"",""time"":1776908793946,""openTime"":1776908857937,""duration"":63991,""updatedTime"":1776908857937,""firstVol"":2464835.0,""highestVol"":2675435.0,""firstVolDivLTGB"":0.0036298741356218032,""firstVolDivVol"":0.16745506027359028,""highestVolDivLTGB"":0.0039400172052236025,""highestVolDivVol"":0.18001872159446836},{""code"":""603308.SH"",""time"":1776910639770,""openTime"":1776912557171,""duration"":1917401,""updatedTime"":1776912557171,""firstVol"":105200.0,""highestVol"":2150240.0,""firstVolDivLTGB"":1.5492426838608413E-4,""firstVolDivVol"":0.004343371420682111,""highestVolDivLTGB"":0.0031665813579324483,""highestVolDivVol"":0.08664252014395075},{""code"":""603308.SH"",""time"":1776912903043,""openTime"":1776912918043,""duration"":15000,""updatedTime"":1776912918043,""firstVol"":24300.0,""highestVol"":24300.0,""firstVolDivLTGB"":3.578573880020765E-5,""firstVolDivVol"":8.791440335316388E-4,""highestVolDivLTGB"":3.578573880020765E-5,""highestVolDivVol"":8.791440335316388E-4},{""code"":""603308.SH"",""time"":1776912963043,""openTime"":1776912978043,""duration"":15000,""updatedTime"":1776912978043,""firstVol"":2700.0,""highestVol"":2700.0,""firstVolDivLTGB"":3.9761932000230715E-6,""firstVolDivVol"":9.693658143164703E-5,""highestVolDivLTGB"":3.9761932000230715E-6,""highestVolDivVol"":9.693658143164703E-5},{""code"":""603308.SH"",""time"":1776913008043,""openTime"":1776913023043,""duration"":15000,""updatedTime"":1776913023043,""firstVol"":200.0,""highestVol"":200.0,""firstVolDivLTGB"":2.945328296313387E-7,""firstVolDivVol"":7.165848768631296E-6,""highestVolDivLTGB"":2.945328296313387E-7,""highestVolDivVol"":7.165848768631296E-6},{""code"":""603308.SH"",""time"":1776913183717,""openTime"":1776914651359,""duration"":1467642,""updatedTime"":1776914651359,""firstVol"":1503300.0,""highestVol"":1643800.0,""firstVolDivLTGB"":0.002213856013923957,""firstVolDivVol"":0.05333600705214624,""highestVolDivLTGB"":0.0024207653267399724,""highestVolDivVol"":0.058229119221340865},{""code"":""603308.SH"",""time"":1776924381157,""openTime"":1776924427468,""duration"":46311,""updatedTime"":1776924427468,""firstVol"":44633.0,""highestVol"":60033.0,""firstVolDivLTGB"":6.57294189246777E-5,""firstVolDivVol"":0.001146375506003568,""highestVolDivLTGB"":8.840844680629078E-5,""highestVolDivVol"":0.0015416116506838913},{""code"":""603308.SH"",""time"":1776924457468,""openTime"":1776924472468,""duration"":15000,""updatedTime"":1776924472468,""firstVol"":2500.0,""highestVol"":2500.0,""firstVolDivLTGB"":3.681660370391733E-6,""firstVolDivVol"":6.405540290156627E-5,""highestVolDivLTGB"":3.681660370391733E-6,""highestVolDivVol"":6.405540290156627E-5},{""code"":""603308.SH"",""time"":1776926058245,""openTime"":null,""duration"":1541755,""updatedTime"":1776927600000,""firstVol"":166840.0,""highestVol"":249340.0,""firstVolDivLTGB"":2.456992864784627E-4,""firstVolDivVol"":0.004097937966444707,""highestVolDivLTGB"":3.671940787013899E-4,""highestVolDivVol"":0.00611904945202555}]",1,燃气轮机+核能核电+商业航天,198911,16509613.0,0.48146559219364987,0.0292929098373996,11,56360440433.0,首板涨停,放量涨停,17,603308,,,,,,,,,,,1,0.0,0,0,0.48146559219364987,
603315.SH,福鞍股份,16.81,-4.597048808172544,涨停, 09:30:00, 09:30:00,"[{""code"":""603315.SH"",""time"":1776907800000,""openTime"":null,""duration"":14364994,""updatedTime"":1776927600000,""firstVol"":1809600.0,""highestVol"":1.5081E7,""firstVolDivLTGB"":0.005648534828248957,""firstVolDivVol"":0.6036024016010674,""highestVolDivLTGB"":0.047074244996033666,""highestVolDivVol"":2.1146134215766006}]",1,燃气轮机+核电铸件+水电转轮,4544995,88763752.35000001,34.48794077932209,1.4186871436625426,0,6256753135.92,首板涨停,一字涨停||缩量涨停,17,603315,,,,,,,,,,,1,0.0,0,0,34.48794077932209,
603318.SH,水发燃气,14.26,-1.9931271477663293,涨停, 09:30:00, 09:30:00,"[{""code"":""603318.SH"",""time"":1776907800000,""openTime"":null,""duration"":14364994,""updatedTime"":1776927600000,""firstVol"":2.81195E7,""highestVol"":3.36397E7,""firstVolDivLTGB"":0.06125306250064315,""firstVolDivVol"":5.822324830213682,""highestVolDivLTGB"":0.07327778397919185,""highestVolDivVol"":5.961420546173067}]",2,氦气+燃气轮机掺氢+氢能应用+山东国资,15505014,160476894.9,117.58349861743771,3.377476810097431,0,4751384063.4,4天3板,一字涨停||缩量涨停,17,603318,,,,,,,,,,,3,0.0,0,0,117.58349861743771,
603390.SH,通达电气,13.35,-1.9823788546255476,涨停, 09:30:00, 09:30:00,"[{""code"":""603390.SH"",""time"":1776907800000,""openTime"":null,""duration"":14364994,""updatedTime"":1776927600000,""firstVol"":5.79479E7,""highestVol"":5.79479E7,""firstVolDivLTGB"":0.16532266263306214,""firstVolDivVol"":54.74012847156622,""highestVolDivLTGB"":0.16532266263306214,""highestVolDivVol"":54.74012847156622}]",1,一季报业绩大增+智慧交通+氢能源+比亚迪,5047100,66975017.0,57.694330132601735,1.4399141480111064,0,4651320156.31,首板涨停,一字涨停||放量涨停,17,603390,,,,,,,,,,,1,0.0,0,0,57.694330132601735,
603538.SH,美诺华,62.46,-4.349157733537514,涨停, 14:24:26, 14:24:26,"[{""code"":""603538.SH"",""time"":1776925466958,""openTime"":null,""duration"":2133042,""updatedTime"":1776927600000,""firstVol"":9971890.0,""highestVol"":1.012609E7,""firstVolDivLTGB"":0.0461162903254688,""firstVolDivVol"":0.1632668732247888,""highestVolDivLTGB"":0.04682940809634145,""highestVolDivVol"":0.1654918689726586}]",1,减肥药+益生菌GLP-1+小核酸创新药+转债赎回,3342371,185668709.04999998,5.351710281279616,1.4867938011245772,0,12487858700.35,首板涨停,放量涨停,17,603538,,,,,,,,,,,1,0.0,0,0,5.351710281279616,
603618.SH,杭电股份,28.26,-4.105870376654216,涨停, 09:35:19, 13:05:57,"[{""code"":""603618.SH"",""time"":1776908119746,""openTime"":1776909148855,""duration"":1029109,""updatedTime"":1776909148855,""firstVol"":2681705.0,""highestVol"":1.4065831E7,""firstVolDivLTGB"":0.0038787960378400153,""firstVolDivVol"":0.08723138754929993,""highestVolDivLTGB"":0.02034470217705798,""highestVolDivVol"":0.36110814448565887},{""code"":""603618.SH"",""time"":1776909216847,""openTime"":1776909236662,""duration"":19815,""updatedTime"":1776909236662,""firstVol"":3268200.0,""highestVol"":3268200.0,""firstVolDivLTGB"":0.00472709757817088,""firstVolDivVol"":0.05526109013583961,""highestVolDivLTGB"":0.00472709757817088,""highestVolDivVol"":0.05526109013583961},{""code"":""603618.SH"",""time"":1776909335986,""openTime"":1776909350986,""duration"":15000,""updatedTime"":1776909350986,""firstVol"":2764300.0,""highestVol"":2764300.0,""firstVolDivLTGB"":0.00399826076596835,""firstVolDivVol"":0.03894339002132652,""highestVolDivLTGB"":0.00399826076596835,""highestVolDivVol"":0.03894339002132652},{""code"":""603618.SH"",""time"":1776909368799,""openTime"":1776909402280,""duration"":33481,""updatedTime"":1776909402280,""firstVol"":7834133.0,""highestVol"":7895033.0,""firstVolDivLTGB"":0.011331225485395191,""firstVolDivVol"":0.1067656753172743,""highestVolDivLTGB"":0.011419310744103536,""highestVolDivVol"":0.10707425163480475},{""code"":""603618.SH"",""time"":1776909417280,""openTime"":1776920491946,""duration"":5639660,""updatedTime"":1776920491946,""firstVol"":1070000.0,""highestVol"":8455300.0,""firstVolDivLTGB"":0.0015476391924125945,""firstVolDivVol"":0.014093413886896639,""highestVolDivLTGB"":0.012229676321127298,""highestVolDivVol"":0.11010410126415598},{""code"":""603618.SH"",""time"":1776920600848,""openTime"":1776920615848,""duration"":15000,""updatedTime"":1776920615848,""firstVol"":32200.0,""highestVol"":32200.0,""firstVolDivLTGB"":4.6573814949238825E-5,""firstVolDivVol"":3.4101279316906897E-4,""highestVolDivLTGB"":4.6573814949238825E-5,""highestVolDivVol"":3.4101279316906897E-4},{""code"":""603618.SH"",""time"":1776920757735,""openTime"":null,""duration"":6842265,""updatedTime"":1776927600000,""firstVol"":3547400.0,""highestVol"":4969100.0,""firstVolDivLTGB"":0.005130930159966764,""firstVolDivVol"":0.035797830756809174,""highestVolDivLTGB"":0.007187265337399461,""highestVolDivVol"":0.05002144667890552}]",2,一季报增长+光纤涨价+特高压+锂电铜箔,2740800,86088528.0,2.6794332091540656,0.3964270559406018,6,21716108098.56,2天2板,放量涨停,17,603618,,,,,,,,,,,2,0.0,0,0,2.6794332091540656,
603709.SH,中源家居,19.52,-0.7625826131164317,涨停, 11:26:23, 11:26:23,"[{""code"":""603709.SH"",""time"":1776914783083,""openTime"":null,""duration"":7381911,""updatedTime"":1776927600000,""firstVol"":8170170.0,""highestVol"":8284570.0,""firstVolDivLTGB"":0.06530427361617569,""firstVolDivVol"":1.1830966947833328,""highestVolDivLTGB"":0.06621867428368818,""highestVolDivVol"":1.1886125438489517}]",1,跨境电商+功能沙发+越南基地+养老,351280,6705935.2,4.324329647657244,0.2807785546186945,0,2388335964.3,首板涨停,放量涨停,17,603709,,,,,,,,,,,1,0.0,0,0,4.324329647657244,
603813.SH,*ST原尚,37.0,1.36986301369863,涨停, 09:30:00, 09:30:00,"[{""code"":""603813.SH"",""time"":1776907800000,""openTime"":null,""duration"":14364994,""updatedTime"":1776927600000,""firstVol"":649800.0,""highestVol"":649800.0,""firstVolDivLTGB"":0.006187687473218111,""firstVolDivVol"":15.73365617433414,""highestVolDivLTGB"":0.006187687473218111,""highestVolDivVol"":15.73365617433414}]",4,申请撤销退市风险警示+氢能物流+供应链服务,485500,16172005.000000002,371.177370030581,0.4623149073941818,0,3498049650.0,13天10板,一字涨停||缩量涨停,22,603813,,,,,,,,,,,10,0.0,0,0,371.177370030581,
603912.SH,佳力图,10.58,1.2440191387559885,涨停, 10:01:34, 10:01:34,"[{""code"":""603912.SH"",""time"":1776909694861,""openTime"":null,""duration"":12470133,""updatedTime"":1776927600000,""firstVol"":4.9371551E7,""highestVol"":4.9371551E7,""firstVolDivLTGB"":0.09111651384530899,""firstVolDivVol"":1.0360256584667926,""highestVolDivLTGB"":0.09111651384530899,""highestVolDivVol"":1.0360256584667926}]",1,液冷+算力+签约江西电建,3558620,40781785.2,5.1207062361911255,0.6567528099333834,0,6209844525.0,首板涨停,放量涨停,17,603912,,,,,,,,,,,1,0.0,0,0,5.1207062361911255,
