股票代码,股票简称,最新价,最新涨跌幅,涨停封单量[20260414],{(}涨停封单量[20260414]{*}100.0{)},自由流通股[20260414],fenglu_ratio,zt_first_time,涨停原因类别[20260414],涨停[20260414],涨停明细数据[20260414],zt_last_time,涨停封单额[20260414],涨停开板次数[20260414],自由流通市值[20260414],实际换手率[20260414],a股市值(不含限售股)[20260414],market_code,code,date
002297.SZ,博云新材,24.5,5.557949159844891,52325960,5232596000,443711940,11.79277708866703, 09:30:00,一季报业绩预增+商业航天+硬质合金,涨停,"[{""code"":""002297.SZ"",""time"":1776130200000,""openTime"":null,""duration"":14374206,""updatedTime"":1776150000000,""firstVol"":1.0053776E8,""highestVol"":1.0239156E8,""firstVolDivLTGB"":0.17542647813610515,""firstVolDivVol"":39.66706384590498,""highestVolDivLTGB"":0.17866113947298706,""highestVolDivVol"":25.027023591869458}]", 09:30:00,695412008.4,0,5896931682.6,2.2914956942560525,7616563044.51,33,002297,20260414
600743.SH,华远控股,2.47,2.9166666666666785,34110255,3411025500,1068870535,3.191242894538205, 09:30:38,实控人筹划重组+物业管理+北京国资,涨停,"[{""code"":""600743.SH"",""time"":1776130238368,""openTime"":null,""duration"":14335838,""updatedTime"":1776150000000,""firstVol"":1.0905291E7,""highestVol"":4.7105411E7,""firstVolDivLTGB"":0.004648261769497981,""firstVolDivVol"":0.21098626161068204,""highestVolDivLTGB"":0.020078169494769985,""highestVolDivVol"":0.8123570982688624}]", 09:30:38,109493918.55,0,3431074417.35,6.425783362060776,7530983805.54,17,600743,20260414
000620.SZ,盈新发展,2.8,-0.3558718861210047,33892099,3389209900,3362015072,1.0080888477349454, 09:46:08,存储芯片+拟收购长兴半导体+文旅地产,涨停,"[{""code"":""000620.SZ"",""time"":1776131168799,""openTime"":null,""duration"":13405407,""updatedTime"":1776150000000,""firstVol"":4.071833E8,""highestVol"":4.31086E8,""firstVolDivLTGB"":0.08715864575009262,""firstVolDivVol"":3.852134119214799,""highestVolDivLTGB"":0.09227508093240668,""highestVolDivVol"":3.404096971255799}]", 09:46:08,105404427.89,0,10455866873.92,6.544726876227401,14529138814.65,33,000620,20260414
002124.SZ,天邦食品,2.61,-1.5094339622641524,29151625,2915162500,1889189587,1.5430756765017042, 09:51:30,猪肉+预重整+销量增长,涨停,"[{""code"":""002124.SZ"",""time"":1776131490009,""openTime"":null,""duration"":13084197,""updatedTime"":1776150000000,""firstVol"":1.792326E7,""highestVol"":5.9734985E7,""firstVolDivLTGB"":0.009087239973893376,""firstVolDivVol"":0.12291380282849203,""highestVolDivLTGB"":0.030286127832320753,""highestVolDivVol"":0.3716918113787564}]", 09:51:30,83082131.25,0,5384190322.95,10.35386810016331,5620680604.05,33,002124,20260414
601778.SH,晶科科技,6.5,-6.609195402298851,22815299,2281529900,2719189740,0.839047701025821, 10:26:54,回购股份注销+算电协同+储能,涨停,"[{""code"":""601778.SH"",""time"":1776133614078,""openTime"":null,""duration"":10960128,""updatedTime"":1776150000000,""firstVol"":1.9800533E8,""highestVol"":2.1005283E8,""firstVolDivLTGB"":0.055423472721499785,""firstVolDivVol"":0.507572730010004,""highestVolDivLTGB"":0.0587956763263839,""highestVolDivVol"":0.5331689572274552}]", 10:26:54,137576252.97,0,16396714132.2,20.537086058584496,21542716132.2,17,601778,20260414
600664.SH,哈药股份,3.58,-2.7173913043478284,22644468,2264446800,1345272853,1.6832620943403516, 14:41:41,创新药+保健品+仿制药一致性评价,涨停,"[{""code"":""600664.SH"",""time"":1776148901329,""openTime"":null,""duration"":1098671,""updatedTime"":1776150000000,""firstVol"":7.9610147E7,""highestVol"":7.9610147E7,""firstVolDivLTGB"":0.03161001978139553,""firstVolDivVol"":0.3469709094565372,""highestVolDivLTGB"":0.03161001978139553,""highestVolDivVol"":0.3469709094565372}]", 14:41:41,91483650.72,0,5434902326.12,19.080944391880923,10174779899.04,17,600664,20260414
000889.SZ,中嘉博创,4.42,-8.108108108108103,21969414,2196941400,643753128,3.412707922407175, 09:32:23,算力销售+5G消息+短信通道,涨停,"[{""code"":""000889.SZ"",""time"":1776130343696,""openTime"":null,""duration"":14230510,""updatedTime"":1776150000000,""firstVol"":9.086542E7,""highestVol"":1.250639E8,""firstVolDivLTGB"":0.10446106092473845,""firstVolDivVol"":1.5431017235499636,""highestVolDivLTGB"":0.14377645178314696,""highestVolDivVol"":1.2752589061428008}]", 09:32:23,94688174.33999999,0,2774575981.68,19.59842981920237,3749032579.26,33,000889,20260414
002107.SZ,沃华医药,7.31,-3.0503978779840906,16072688,1607268800,281247653,5.714781200325252, 09:39:27,心脑血管中药+独家产品线+业绩大增,涨停,"[{""code"":""002107.SZ"",""time"":1776130767614,""openTime"":1776130797614,""duration"":30000,""updatedTime"":1776130797614,""firstVol"":4.8638E7,""highestVol"":4.8638E7,""firstVolDivLTGB"":0.08512164747626619,""firstVolDivVol"":1.909322304031254,""highestVolDivLTGB"":0.08512164747626619,""highestVolDivVol"":1.909322304031254},{""code"":""002107.SZ"",""time"":1776131231882,""openTime"":null,""duration"":13342324,""updatedTime"":1776150000000,""firstVol"":4.585176E7,""highestVol"":4.585176E7,""firstVolDivLTGB"":0.0802454326018003,""firstVolDivVol"":0.9791879194076203,""highestVolDivLTGB"":0.0802454326018003,""highestVolDivVol"":0.9791879194076203}]", 09:47:11,125849147.04,1,2202169122.99,20.516288183923084,4474015145.28,33,002107,20260414
601588.SH,北辰实业,2.0,9.890109890109885,15292900,1529290000,1337027697,1.1437982948531245, 09:35:38,控股股东增持+房地产+会展+北京国资,涨停,"[{""code"":""601588.SH"",""time"":1776130538697,""openTime"":1776131528333,""duration"":989636,""updatedTime"":1776131528333,""firstVol"":2904400.0,""highestVol"":4.35288E7,""firstVolDivLTGB"":0.0010918796992481204,""firstVolDivVol"":0.030626727729328986,""highestVolDivLTGB"":0.01636421052631579,""highestVolDivVol"":0.4076972095742532},{""code"":""601588.SH"",""time"":1776131560548,""openTime"":null,""duration"":13013658,""updatedTime"":1776150000000,""firstVol"":182824.0,""highestVol"":6.81768E7,""firstVolDivLTGB"":6.873082706766917E-5,""firstVolDivVol"":0.001335038765078919,""highestVolDivLTGB"":0.025630375939849626,""highestVolDivVol"":0.4890814507333123}]", 09:52:40,31656302.999999996,1,2767647332.79,11.804330707144656,5506200000.0,17,601588,20260414
600469.SH,风神股份,6.39,0.15673981191222236,14604900,1460490000,298968215,4.88510124730149, 13:14:24,巨型轮胎项目+工程机械配套+央企,涨停,"[{""code"":""600469.SH"",""time"":1776143664676,""openTime"":null,""duration"":6335324,""updatedTime"":1776150000000,""firstVol"":5.495125E7,""highestVol"":5.495125E7,""firstVolDivLTGB"":0.07533235230039227,""firstVolDivVol"":2.064976085340082,""highestVolDivLTGB"":0.07533235230039227,""highestVolDivVol"":2.064976085340082}]", 13:14:24,105885525.0,0,2167519558.75,10.401183617462479,5288518814.75,17,600469,20260414
600396.SH,华电辽能,9.92,-4.889741131351868,13905931,1390593100,671073306,2.0721925422555847, 09:34:23,火电+氢能+央企,涨停,"[{""code"":""600396.SH"",""time"":1776130463697,""openTime"":1776130917615,""duration"":453918,""updatedTime"":1776130917615,""firstVol"":2.40328E7,""highestVol"":3.61452E7,""firstVolDivLTGB"":0.0163187945642544,""firstVolDivVol"":0.25745283580772066,""highestVolDivLTGB"":0.024543377936981466,""highestVolDivVol"":0.3737349485790292},{""code"":""600396.SH"",""time"":1776131137809,""openTime"":1776131152809,""duration"":15000,""updatedTime"":1776131152809,""firstVol"":1.42161E7,""highestVol"":1.42161E7,""firstVolDivLTGB"":0.009653041485174303,""firstVolDivVol"":0.08814499129034903,""highestVolDivLTGB"":0.009653041485174303,""highestVolDivVol"":0.08814499129034903},{""code"":""600396.SH"",""time"":1776131168799,""openTime"":1776131356301,""duration"":187502,""updatedTime"":1776131356301,""firstVol"":2.015065E7,""highestVol"":2.440885E7,""firstVolDivLTGB"":0.01368273017235582,""firstVolDivVol"":0.12120888579844605,""highestVolDivLTGB"":0.016574140703526058,""highestVolDivVol"":0.1448452023774484},{""code"":""600396.SH"",""time"":1776131371301,""openTime"":null,""duration"":13202905,""updatedTime"":1776150000000,""firstVol"":2.49013E7,""highestVol"":2.49013E7,""firstVolDivLTGB"":0.01690852497765005,""firstVolDivVol"":0.14120649833538138,""highestVolDivLTGB"":0.01690852497765005,""highestVolDivVol"":0.14120649833538138}]", 09:49:31,111664625.92999999,3,5388718647.18,27.910955081262017,11825835740.51,17,600396,20260414
600173.SH,卧龙新能,7.28,-1.488497970230033,13849400,1384940000,280531999,4.9368343181413685, 11:14:14,风光储氢+储能中标+氢能出海,涨停,"[{""code"":""600173.SH"",""time"":1776136454005,""openTime"":null,""duration"":8120201,""updatedTime"":1776150000000,""firstVol"":3.69265E7,""highestVol"":3.78865E7,""firstVolDivLTGB"":0.0527207932658969,""firstVolDivVol"":1.2904459750397175,""highestVolDivLTGB"":0.05409140682351165,""highestVolDivVol"":1.3117185720466789}]", 11:14:14,110102730.0,0,2230229392.05,11.6911732411674,5568309139.8,17,600173,20260414
002314.SZ,南山控股,2.52,2.024291497975701,12254400,1225440000,854540150,1.4340344336073618, 13:53:58,住宅开发+储能+REITs+国企,涨停,"[{""code"":""002314.SZ"",""time"":1776146038862,""openTime"":1776146379489,""duration"":340627,""updatedTime"":1776146379489,""firstVol"":3732100.0,""highestVol"":4.93826E7,""firstVolDivLTGB"":0.002788734517423588,""firstVolDivVol"":0.07975495796169399,""highestVolDivLTGB"":0.03690012625066908,""highestVolDivVol"":0.9609737728492421},{""code"":""002314.SZ"",""time"":1776146470773,""openTime"":null,""duration"":3529227,""updatedTime"":1776150000000,""firstVol"":4.86837E7,""highestVol"":5.35604E7,""firstVolDivLTGB"":0.036377887684117455,""firstVolDivVol"":0.6766231111829378,""highestVolDivLTGB"":0.04002190087270286,""highestVolDivVol"":0.7373201498097808}]", 14:01:10,33577056.0,1,2341440011.0,10.232987414342087,3667007866.86,33,002314,20260414
002023.SZ,海特高新,12.6,3.194103194103184,11583735,1158373500,566346254,2.045345037278202, 09:30:00,参股华芯科技（产品应用于光模块）+航空装备+eVTOL模拟器,涨停,"[{""code"":""002023.SZ"",""time"":1776130200000,""openTime"":null,""duration"":14374206,""updatedTime"":1776150000000,""firstVol"":6.1855135E7,""highestVol"":6.1855135E7,""firstVolDivLTGB"":0.08349096371733326,""firstVolDivVol"":13.93144653167311,""highestVolDivLTGB"":0.08349096371733326,""highestVolDivVol"":13.93144653167311}]", 09:30:00,142711615.20000002,0,6977385849.28,4.456406451308496,9127398095.2,33,002023,20260414
603002.SH,宏昌电子,13.82,-3.6262203626220333,11403568,1140356800,531645774,2.144956013512862, 09:36:42,先进封装+英伟达链+环氧树脂+覆铜板,涨停,"[{""code"":""603002.SH"",""time"":1776130602614,""openTime"":1776144457253,""duration"":8428845,""updatedTime"":1776144457253,""firstVol"":3.34896E7,""highestVol"":3.34896E7,""firstVolDivLTGB"":0.029530230697635062,""firstVolDivVol"":1.0732315422960508,""highestVolDivLTGB"":0.029530230697635062,""highestVolDivVol"":1.0732315422960508},{""code"":""603002.SH"",""time"":1776144472253,""openTime"":null,""duration"":5527747,""updatedTime"":1776150000000,""firstVol"":3.3369168E7,""highestVol"":3.5378268E7,""firstVolDivLTGB"":0.02942403699142843,""firstVolDivVol"":0.5720181328612349,""highestVolDivLTGB"":0.031195607463892078,""highestVolDivVol"":0.6037838827788191}]", 13:27:52,146649884.48,1,6836964653.64,11.561900800513088,14584249625.74,17,603002,20260414
001299.SZ,美能能源,10.94,-3.9508340649692806,10966210,1096621000,65298259,16.79403121605432, 09:33:53,燃气+综合能源转型+年报增长+西部大开发,涨停,"[{""code"":""001299.SZ"",""time"":1776130433697,""openTime"":null,""duration"":14140509,""updatedTime"":1776150000000,""firstVol"":4233010.0,""highestVol"":1.42928E7,""firstVolDivLTGB"":0.01938192110776378,""firstVolDivVol"":0.370082409368055,""highestVolDivLTGB"":0.06544324771475762,""highestVolDivVol"":1.1321504981991324}]", 09:33:53,203313533.39999998,0,1210629721.86,32.360796939471236,4049134498.26,33,001299,20260414
002083.SZ,孚日股份,11.3,-1.4821272885789007,9722627,972262700,581135286,1.6730402084033837, 14:38:56,锂电池添加剂+涂层材料+业绩增长+地方国企,涨停,"[{""code"":""002083.SZ"",""time"":1776148736209,""openTime"":null,""duration"":1263791,""updatedTime"":1776150000000,""firstVol"":5.00692E7,""highestVol"":5.00692E7,""firstVolDivLTGB"":0.05289154510357323,""firstVolDivVol"":0.5649176261459382,""highestVolDivLTGB"":0.05289154510357323,""highestVolDivVol"":0.5649176261459382}]", 14:38:56,141269770.31,0,8443895705.58,16.637786472322386,13754664844.36,33,002083,20260414
002630.SZ,*ST华西,1.99,-4.784688995215305,8267340,826734000,1042397887,0.7931079008413224, 09:38:27,ST摘帽预期+储能+高效环保锅炉,涨停,"[{""code"":""002630.SZ"",""time"":1776130707614,""openTime"":null,""duration"":13866592,""updatedTime"":1776150000000,""firstVol"":6215900.0,""highestVol"":1.601614E7,""firstVolDivLTGB"":0.006033255925136269,""firstVolDivVol"":0.34496447269395225,""highestVolDivLTGB"":0.015545531870334466,""highestVolDivVol"":0.5907438811644383}]", 09:38:27,16617353.399999999,0,2095219752.87,3.0259095296880623,2163843018.15,33,002630,20260414
002328.SZ,新朋股份,10.35,-2.9990627928772287,8056277,805627700,504526195,1.5968005387708362, 10:20:50,液冷服务器+储能+汽车零部件+回购,涨停,"[{""code"":""002328.SZ"",""time"":1776133250131,""openTime"":null,""duration"":11324075,""updatedTime"":1776150000000,""firstVol"":1.92785E7,""highestVol"":2.4719035E7,""firstVolDivLTGB"":0.03377500650429697,""firstVolDivVol"":0.1302152724544429,""highestVolDivLTGB"":0.043306562642578234,""highestVolDivVol"":0.16475408060534824}]", 10:20:50,95386319.67999999,0,5973590148.8,32.8505119540919,6758167748.8,33,002328,20260414
002692.SZ,远程股份,5.61,-3.44234079173837,7128152,712815200,511827985,1.3926850834465412, 09:38:27,超短期融资券发行+电线电缆+参股半导体+国企改革,涨停,"[{""code"":""002692.SZ"",""time"":1776130707614,""openTime"":null,""duration"":13866592,""updatedTime"":1776150000000,""firstVol"":5.655043E7,""highestVol"":5.756619E7,""firstVolDivLTGB"":0.07879298151454774,""firstVolDivVol"":1.7542059987371055,""highestVolDivLTGB"":0.08020826268753292,""highestVolDivVol"":1.7471517447543736}]", 09:38:27,49469374.88,0,3552086215.9,12.517893096447237,4981074133.5,33,002692,20260414
688287.SH,*ST观典,0.93,0.0,6999273,699927300,182672898,3.8315880881245996, 09:59:41,军工装备+商业航天+无人机禁毒,涨停,"[{""code"":""688287.SH"",""time"":1776131981605,""openTime"":null,""duration"":12592601,""updatedTime"":1776150000000,""firstVol"":2234329.0,""highestVol"":8668086.0,""firstVolDivLTGB"":0.006030323689474883,""firstVolDivVol"":0.11264142193241128,""highestVolDivLTGB"":0.023394658686435876,""highestVolDivVol"":0.37685944247442027}]", 09:59:41,11408814.989999998,0,297756823.74,12.620175873051513,603940428.0,22,688287,20260414
002364.SZ,中恒电气,40.79,2.6163522012578593,6777654,677765400,330215056,2.052496964281362, 09:32:23,宁德时代入股+HVDC+数据中心电源,涨停,"[{""code"":""002364.SZ"",""time"":1776130343696,""openTime"":null,""duration"":14230510,""updatedTime"":1776150000000,""firstVol"":1.3392821E7,""highestVol"":3.1301978E7,""firstVolDivLTGB"":0.023997009086625755,""firstVolDivVol"":0.20690700756729274,""highestVolDivLTGB"":0.05608630552856336,""highestVolDivVol"":0.46643390155200914}]", 09:32:23,287982518.46000004,0,14030837729.44,26.209867608217113,23713828762.4,33,002364,20260414
603527.SH,众源新材,12.96,4.3478260869565295,6723333,672333300,195843908,3.4330059426714463, 10:07:04,固态电池+铜箔+新能源结构件+3D打印,涨停,"[{""code"":""603527.SH"",""time"":1776132424219,""openTime"":null,""duration"":12149987,""updatedTime"":1776150000000,""firstVol"":2.9246E7,""highestVol"":2.9246E7,""firstVolDivLTGB"":0.0922670577011413,""firstVolDivVol"":1.6946355507953765,""highestVolDivLTGB"":0.0922670577011413,""highestVolDivVol"":1.6946355507953765}]", 10:07:04,80007662.7,0,2330542505.2,12.095630260809543,3771957280.0,17,603527,20260414
605167.SH,利柏特,17.49,0.6908462867011942,6567900,656790000,169804691,3.867914344015384, 13:06:17,核电模块+海工模块+工业模块,涨停,"[{""code"":""605167.SH"",""time"":1776143177541,""openTime"":null,""duration"":6822459,""updatedTime"":1776150000000,""firstVol"":1.97885E7,""highestVol"":1.97885E7,""firstVolDivLTGB"":0.044062637870398484,""firstVolDivVol"":2.7947166671233084,""highestVolDivLTGB"":0.044062637870398484,""highestVolDivVol"":2.7947166671233084}]", 13:06:17,128993556.0,0,3334964131.24,5.114100175241919,8820310330.56,17,605167,20260414
002157.SZ,正邦科技,3.47,5.151515151515163,6517000,651700000,7234254207,0.09008530545821888, 10:39:30,生猪养殖+量价齐升+双胞胎协同,涨停,"[{""code"":""002157.SZ"",""time"":1776134370606,""openTime"":1776134445151,""duration"":74545,""updatedTime"":1776134445151,""firstVol"":1.8160784E8,""highestVol"":1.8160784E8,""firstVolDivLTGB"":0.025103878686523463,""firstVolDivVol"":0.6480746269966956,""highestVolDivLTGB"":0.025103878686523463,""highestVolDivVol"":0.6480746269966956},{""code"":""002157.SZ"",""time"":1776134493470,""openTime"":1776134512178,""duration"":18708,""updatedTime"":1776134512178,""firstVol"":1772200.0,""highestVol"":1772200.0,""firstVolDivLTGB"":2.4497342079646386E-4,""firstVolDivVol"":0.005622193840185857,""highestVolDivLTGB"":2.4497342079646386E-4,""highestVolDivVol"":0.005622193840185857},{""code"":""002157.SZ"",""time"":1776134529434,""openTime"":1776134726156,""duration"":196722,""updatedTime"":1776134726156,""firstVol"":7.0775131E7,""highestVol"":8.8929531E7,""firstVolDivLTGB"":0.009783334808931189,""firstVolDivVol"":0.2197272344844608,""highestVolDivLTGB"":0.01229284020928517,""highestVolDivVol"":0.2730349500702317},{""code"":""002157.SZ"",""time"":1776136235214,""openTime"":1776145217980,""duration"":3556972,""updatedTime"":1776145217980,""firstVol"":7.5849875E7,""highestVol"":7.5849875E7,""firstVolDivLTGB"":0.010484823014182477,""firstVolDivVol"":0.1689942459648129,""highestVolDivLTGB"":0.010484823014182477,""highestVolDivVol"":0.1689942459648129},{""code"":""002157.SZ"",""time"":1776145277980,""openTime"":1776145367981,""duration"":90001,""updatedTime"":1776145367981,""firstVol"":1.51191E7,""highestVol"":1.5266E7,""firstVolDivLTGB"":0.002089932088005765,""firstVolDivVol"":0.028179062358944868,""highestVolDivLTGB"":0.0021102382585931707,""highestVolDivVol"":0.02844001717951411},{""code"":""002157.SZ"",""time"":1776145397981,""openTime"":1776145428302,""duration"":30321,""updatedTime"":1776145428302,""firstVol"":2722800.0,""highestVol"":2722800.0,""firstVolDivLTGB"":3.7637604680318913E-4,""firstVolDivVol"":0.005004851183797664,""highestVolDivLTGB"":3.7637604680318913E-4,""highestVolDivVol"":0.005004851183797664},{""code"":""002157.SZ"",""time"":1776145443302,""openTime"":1776145778930,""duration"":335628,""updatedTime"":1776145778930,""firstVol"":1252600.0,""highestVol"":2.08518E7,""firstVolDivLTGB"":1.7314846342943835E-4,""firstVolDivVol"":0.002291953191311525,""highestVolDivLTGB"":0.0028823703734136698,""highestVolDivVol"":0.0381131952283986},{""code"":""002157.SZ"",""time"":1776145793930,""openTime"":1776147297581,""duration"":1503651,""updatedTime"":1776147297581,""firstVol"":48200.0,""highestVol"":2.23096E7,""firstVolDivLTGB"":6.6627462376648E-6,""firstVolDivVol"":8.685323799322458E-5,""highestVolDivLTGB"":0.003083883889290594,""highestVolDivVol"":0.03919470186351925},{""code"":""002157.SZ"",""time"":1776147312581,""openTime"":1776147410263,""duration"":97682,""updatedTime"":1776147410263,""firstVol"":4900.0,""highestVol"":320600.0,""firstVolDivLTGB"":6.773331237460066E-7,""firstVolDivVol"":8.373699692606611E-6,""highestVolDivLTGB"":4.4316938667953004E-5,""highestVolDivVol"":5.46768227983864E-4},{""code"":""002157.SZ"",""time"":1776147425263,""openTime"":1776147530466,""duration"":105203,""updatedTime"":1776147530466,""firstVol"":5400.0,""highestVol"":185900.0,""firstVolDivLTGB"":7.464487486180482E-7,""firstVolDivVol"":9.187375294140625E-6,""highestVolDivLTGB"":2.5697189327425026E-5,""highestVolDivVol"":3.155706496820511E-4},{""code"":""002157.SZ"",""time"":1776147546152,""openTime"":1776147579187,""duration"":33035,""updatedTime"":1776147579187,""firstVol"":86600.0,""highestVol"":101400.0,""firstVolDivLTGB"":1.1970826227837587E-5,""firstVolDivVol"":1.46602212704778E-4,""highestVolDivLTGB"":1.4016648724050015E-5,""highestVolDivVol"":1.7157783108835982E-4},{""code"":""002157.SZ"",""time"":1776147619805,""openTime"":1776147691666,""duration"":71861,""updatedTime"":1776147691666,""firstVol"":61600.0,""highestVol"":195900.0,""firstVolDivLTGB"":8.515044984235511E-6,""firstVolDivVol"":1.0395867548141727E-4,""highestVolDivLTGB"":2.7079501824865858E-5,""highestVolDivVol"":3.302081049351801E-4},{""code"":""002157.SZ"",""time"":1776147721666,""openTime"":1776147736666,""duration"":15000,""updatedTime"":1776147736666,""firstVol"":46574.0,""highestVol"":46574.0,""firstVolDivLTGB"":6.437982225580921E-6,""firstVolDivVol"":7.82720692018264E-5,""highestVolDivLTGB"":6.437982225580921E-6,""highestVolDivVol"":7.82720692018264E-5},{""code"":""002157.SZ"",""time"":1776147751666,""openTime"":1776147880563,""duration"":128897,""updatedTime"":1776147880563,""firstVol"":143400.0,""highestVol"":1544874.0,""firstVolDivLTGB"":1.98223612133015E-5,""firstVolDivVol"":2.4072929089762765E-4,""highestVolDivLTGB"":2.1354986371714045E-4,""highestVolDivVol"":0.0025878088782953722},{""code"":""002157.SZ"",""time"":1776147895563,""openTime"":1776147940563,""duration"":45000,""updatedTime"":1776147940563,""firstVol"":16774.0,""highestVol"":136274.0,""firstVolDivLTGB"":2.318690983207248E-6,""firstVolDivVol"":2.798455374087868E-5,""highestVolDivLTGB"":1.8837325327625163E-5,""highestVolDivVol"":2.2718232879774997E-4},{""code"":""002157.SZ"",""time"":1776147980396,""openTime"":1776147995396,""duration"":15000,""updatedTime"":1776147995396,""firstVol"":19200.0,""highestVol"":19200.0,""firstVolDivLTGB"":2.6540399950863934E-6,""firstVolDivVol"":3.1895081660462604E-5,""highestVolDivLTGB"":2.6540399950863934E-6,""highestVolDivVol"":3.1895081660462604E-5},{""code"":""002157.SZ"",""time"":1776148010396,""openTime"":1776148249115,""duration"":238719,""updatedTime"":1776148249115,""firstVol"":21100.0,""highestVol"":1690300.0,""firstVolDivLTGB"":2.9166793696001508E-6,""firstVolDivVol"":3.500981162415013E-5,""highestVolDivLTGB"":2.3365228144242348E-4,""highestVolDivVol"":0.002787328822630689},{""code"":""002157.SZ"",""time"":1776148265239,""openTime"":1776148487642,""duration"":222403,""updatedTime"":1776148487642,""firstVol"":296300.0,""highestVol"":296300.0,""firstVolDivLTGB"":4.095791929917179E-5,""firstVolDivVol"":4.872024351111059E-4,""highestVolDivLTGB"":4.095791929917179E-5,""highestVolDivVol"":4.872024351111059E-4},{""code"":""002157.SZ"",""time"":1776148502642,""openTime"":null,""duration"":1497358,""updatedTime"":1776150000000,""firstVol"":27000.0,""highestVol"":1.24701E7,""firstVolDivLTGB"":3.7322437430902408E-6,""firstVolDivVol"":4.4069967962112625E-5,""highestVolDivLTGB"":0.0017237575074336893,""highestVolDivVol"":0.02016016712078682}]", 14:35:02,22744330.0,18,25247547182.43,8.664480167056977,25247547182.43,33,002157,20260414
002229.SZ,鸿博股份,16.39,1.8645121193287801,6514650,651465000,493156163,1.3210115757997736, 09:31:23,AI算力业务+彩票印刷龙头,涨停,"[{""code"":""002229.SZ"",""time"":1776130283379,""openTime"":null,""duration"":14290827,""updatedTime"":1776150000000,""firstVol"":3.9344705E7,""highestVol"":6.0037066E7,""firstVolDivLTGB"":0.07978143223569528,""firstVolDivVol"":2.205649285063233,""highestVolDivLTGB"":0.12174047594737247,""highestVolDivVol"":2.581196927348482}]", 09:31:23,128338605.0,0,9715176411.1,9.040334349425944,9715176411.1,33,002229,20260414
603383.SH,顶点软件,32.46,-1.5468607825295664,6215356,621535600,119603382,5.19663900473985, 10:30:44,金融科技+AI应用+信创,涨停,"[{""code"":""603383.SH"",""time"":1776133844592,""openTime"":null,""duration"":10729614,""updatedTime"":1776150000000,""firstVol"":1.99335E7,""highestVol"":1.99335E7,""firstVolDivLTGB"":0.09705839609319396,""firstVolDivVol"":2.3358618631279984,""highestVolDivLTGB"":0.09705839609319396,""highestVolDivVol"":2.3358618631279984}]", 10:30:44,198518470.64000002,0,3820132021.08,8.138001482265777,6559720906.46,17,603383,20260414
000711.SZ,ST京蓝,4.92,2.9288702928870225,6104900,610490000,2222009423,0.2747468096583315, 10:25:29,铟靶材+固危废资源化+ST炒作,涨停,"[{""code"":""000711.SZ"",""time"":1776133529252,""openTime"":1776134005898,""duration"":476646,""updatedTime"":1776134005898,""firstVol"":8394760.0,""highestVol"":1.198756E7,""firstVolDivLTGB"":0.00352472246820338,""firstVolDivVol"":0.09790864651019698,""highestVolDivLTGB"":0.005033237647167532,""highestVolDivVol"":0.13786261539028777},{""code"":""000711.SZ"",""time"":1776134773401,""openTime"":1776134842964,""duration"":69563,""updatedTime"":1776134842964,""firstVol"":5210358.0,""highestVol"":5404458.0,""firstVolDivLTGB"":0.0021876820671446503,""firstVolDivVol"":0.048594706861147786,""highestVolDivLTGB"":0.002269179171419016,""highestVolDivVol"":0.05038041728863901},{""code"":""000711.SZ"",""time"":1776134959496,""openTime"":1776135486242,""duration"":526746,""updatedTime"":1776135486242,""firstVol"":130800.0,""highestVol"":5938200.0,""firstVolDivLTGB"":5.4919223282262045E-5,""firstVolDivVol"":0.0011860116992618891,""highestVolDivLTGB"":0.002493282352406181,""highestVolDivVol"":0.05357747526501145},{""code"":""000711.SZ"",""time"":1776136088567,""openTime"":1776136111667,""duration"":23100,""updatedTime"":1776136111667,""firstVol"":22500.0,""highestVol"":22500.0,""firstVolDivLTGB"":9.447114096719389E-6,""firstVolDivVol"":1.933848791417562E-4,""highestVolDivLTGB"":9.447114096719389E-6,""highestVolDivVol"":1.933848791417562E-4},{""code"":""000711.SZ"",""time"":1776136205214,""openTime"":null,""duration"":8368992,""updatedTime"":1776150000000,""firstVol"":14700.0,""highestVol"":7436300.0,""firstVolDivLTGB"":6.17211454319E-6,""firstVolDivVol"":1.2594405565048006E-4,""highestVolDivLTGB"":0.003122292202552639,""highestVolDivVol"":0.06287041936750142}]", 11:10:05,21916591.0,4,7977013828.57,5.374972255461943,8548822071.15,33,000711,20260414
002686.SZ,亿利达,7.42,-1.591511936339524,5934200,593420000,298433277,1.988451173962078, 09:44:12,数据中心冷却+控制权变更+浙江国资,涨停,"[{""code"":""002686.SZ"",""time"":1776131052617,""openTime"":null,""duration"":13521589,""updatedTime"":1776150000000,""firstVol"":4.3523E7,""highestVol"":4.41514E7,""firstVolDivLTGB"":0.08326054149658098,""firstVolDivVol"":2.367928531789643,""highestVolDivLTGB"":0.08446268574850414,""highestVolDivVol"":2.3235255421826237}]", 09:44:12,44981236.0,0,2262124239.66,12.513651418303462,3962284743.64,33,002686,20260414
002580.SZ,圣阳股份,27.48,-3.9160839160839194,5916924,591692400,347258884,1.7038942047628074, 13:51:38,液冷储能+固态电池+山东国资,涨停,"[{""code"":""002580.SZ"",""time"":1776145898930,""openTime"":1776145913930,""duration"":15000,""updatedTime"":1776145913930,""firstVol"":677184.0,""highestVol"":677184.0,""firstVolDivLTGB"":0.0014970725482757615,""firstVolDivVol"":0.004018929295618522,""highestVolDivLTGB"":0.0014970725482757615,""highestVolDivVol"":0.004018929295618522},{""code"":""002580.SZ"",""time"":1776145993862,""openTime"":1776146008862,""duration"":15000,""updatedTime"":1776146008862,""firstVol"":66900.0,""highestVol"":66900.0,""firstVolDivLTGB"":1.4789799150548218E-4,""firstVolDivVol"":3.921533916491023E-4,""highestVolDivLTGB"":1.4789799150548218E-4,""highestVolDivVol"":3.921533916491023E-4},{""code"":""002580.SZ"",""time"":1776146470773,""openTime"":null,""duration"":3529227,""updatedTime"":1776150000000,""firstVol"":8100140.0,""highestVol"":8632440.0,""firstVolDivLTGB"":0.017907241209465116,""firstVolDivVol"":0.0463024767338363,""highestVolDivLTGB"":0.01908401401781143,""highestVolDivVol"":0.049333508666384696}]", 14:01:10,135911744.28,2,7976536565.48,50.8385807056847,10382391349.54,33,002580,20260414
002647.SZ,仁东控股,12.41,-0.9577015163607281,5329600,532960000,864910699,0.6162023439138888, 09:34:08,摘帽+AI算力+第三方支付,涨停,"[{""code"":""002647.SZ"",""time"":1776130448697,""openTime"":1776130463697,""duration"":15000,""updatedTime"":1776130463697,""firstVol"":162500.0,""highestVol"":162500.0,""firstVolDivLTGB"":1.6005253158502022E-4,""firstVolDivVol"":0.005775359621869969,""highestVolDivLTGB"":1.6005253158502022E-4,""highestVolDivVol"":0.005775359621869969},{""code"":""002647.SZ"",""time"":1776130707614,""openTime"":1776130782614,""duration"":75000,""updatedTime"":1776130782614,""firstVol"":1.352735E7,""highestVol"":1.352735E7,""firstVolDivLTGB"":0.013323609926994603,""firstVolDivVol"":0.3560707317641989,""highestVolDivLTGB"":0.013323609926994603,""highestVolDivVol"":0.3560707317641989},{""code"":""002647.SZ"",""time"":1776131137809,""openTime"":1776132062015,""duration"":924206,""updatedTime"":1776132062015,""firstVol"":8151200.0,""highestVol"":1.16586E7,""firstVolDivLTGB"":0.008028431972035795,""firstVolDivVol"":0.1692146011158963,""highestVolDivLTGB"":0.01148300581376687,""highestVolDivVol"":0.24112485720012897},{""code"":""002647.SZ"",""time"":1776132110973,""openTime"":null,""duration"":12463233,""updatedTime"":1776150000000,""firstVol"":7142101.0,""highestVol"":1.0362401E7,""firstVolDivLTGB"":0.007034531359297873,""firstVolDivVol"":0.13208652347582825,""highestVolDivLTGB"":0.010206329312917815,""highestVolDivVol"":0.18963376278539512}]", 10:01:50,55481136.0,3,9003720376.59,6.738080944932328,10569186149.37,33,002647,20260414
600238.SH,*ST椰岛,5.64,2.5454545454545396,4404946,440494600,362235725,1.2160440552902396, 09:30:08,退市风险博弈+保健酒主业+海南国资,涨停,"[{""code"":""600238.SH"",""time"":1776130208368,""openTime"":null,""duration"":14365838,""updatedTime"":1776150000000,""firstVol"":5800.0,""highestVol"":5584046.0,""firstVolDivLTGB"":1.3025758347298967E-5,""firstVolDivVol"":0.002671826054910632,""highestVolDivLTGB"":0.012540764447620933,""highestVolDivVol"":1.6077737986855751}]", 09:30:08,19073416.18,0,1568480689.25,1.0216424677604619,1928025941.4,22,600238,20260414
002305.SZ,*ST南置,2.23,-0.4464285714285817,4324800,432480000,1031900979,0.4191099812882337, 10:23:42,商业地产+央企重组+净资产转正,涨停,"[{""code"":""002305.SZ"",""time"":1776133422930,""openTime"":null,""duration"":11151276,""updatedTime"":1776150000000,""firstVol"":6673900.0,""highestVol"":1.15739E7,""firstVolDivLTGB"":0.003848617376119875,""firstVolDivVol"":0.23275536434345734,""highestVolDivLTGB"":0.006674285297872882,""highestVolDivVol"":0.3652685382880258}]", 10:23:42,10076784.0,0,2404329281.07,3.612556219892878,4040460633.08,33,002305,20260414
002885.SZ,京泉华,31.26,1.9902120717781502,4186988,418698800,166408365,2.516092264953147, 09:30:08,电源类产品+磁性元器件+储能+业绩预增,涨停,"[{""code"":""002885.SZ"",""time"":1776130208368,""openTime"":null,""duration"":14365838,""updatedTime"":1776150000000,""firstVol"":1.4572753E7,""highestVol"":1.6536553E7,""firstVolDivLTGB"":0.06311074063881286,""firstVolDivVol"":3.0208563473780417,""highestVolDivLTGB"":0.07161543926826885,""highestVolDivVol"":2.8636970138090487}]", 09:30:08,113258025.4,0,4501346273.25,5.404182656322595,6417770066.25,33,002885,20260414
603698.SH,航天工程,43.97,10.007505629221917,3984713,398471300,215062250,1.852818428152779, 14:17:20,实控人航天科技+绿氢工程+煤气化+央企,涨停,"[{""code"":""603698.SH"",""time"":1776147440263,""openTime"":null,""duration"":2559737,""updatedTime"":1776150000000,""firstVol"":2.0592241E7,""highestVol"":2.0592241E7,""firstVolDivLTGB"":0.03841907684844866,""firstVolDivVol"":0.5506038215233466,""highestVolDivLTGB"":0.03841907684844866,""highestVolDivVol"":0.5506038215233466}]", 14:17:20,143210585.22,0,7729337265.0,19.285303208722127,19263480600.0,17,603698,20260414
002463.SZ,沪电股份,102.57,0.5785448127083636,3863200,386320000,1314488263,0.2938938375290765, 09:50:16,一季度业绩预增+AI服务器PCB+68亿扩产,涨停,"[{""code"":""002463.SZ"",""time"":1776131416302,""openTime"":1776144257568,""duration"":7415472,""updatedTime"":1776144257568,""firstVol"":5631300.0,""highestVol"":2.1635614E7,""firstVolDivLTGB"":0.0029286817608919573,""firstVolDivVol"":0.10727486579783417,""highestVolDivLTGB"":0.011252078224832398,""highestVolDivVol"":0.3982529716863334},{""code"":""002463.SZ"",""time"":1776144377568,""openTime"":1776144703963,""duration"":326395,""updatedTime"":1776144703963,""firstVol"":9503580.0,""highestVol"":9687023.0,""firstVolDivLTGB"":0.004942546376356718,""firstVolDivVol"":0.13090205626549598,""highestVolDivLTGB"":0.005037949954262939,""highestVolDivVol"":0.13301334867553374},{""code"":""002463.SZ"",""time"":1776144718963,""openTime"":1776144749338,""duration"":30375,""updatedTime"":1776144749338,""firstVol"":939300.0,""highestVol"":939300.0,""firstVolDivLTGB"":4.885036808562526E-4,""firstVolDivVol"":0.012070730083324276,""highestVolDivLTGB"":4.885036808562526E-4,""highestVolDivVol"":0.012070730083324276},{""code"":""002463.SZ"",""time"":1776145007980,""openTime"":1776145172980,""duration"":165000,""updatedTime"":1776145172980,""firstVol"":2446877.0,""highestVol"":7381000.0,""firstVolDivLTGB"":0.0012725523486665654,""firstVolDivVol"":0.02826565730440707,""highestVolDivLTGB"":0.0038386518347705745,""highestVolDivVol"":0.08363491362528094},{""code"":""002463.SZ"",""time"":1776145202980,""openTime"":null,""duration"":4797020,""updatedTime"":1776150000000,""firstVol"":7712800.0,""highestVol"":9117490.0,""firstVolDivLTGB"":0.004011211742476424,""firstVolDivVol"":0.08580969077648848,""highestVolDivLTGB"":0.004741751756808341,""highestVolDivVol"":0.10095956594569812}]", 13:40:02,376816528.0,4,128215185173.02,7.131602665363624,187550934804.44,33,002463,20260414
600539.SH,狮头股份,17.56,-4.3051771117166355,3401700,340170000,138077796,2.463611165983559, 13:11:14,电商服务+锂电订单+机器视觉+并购重组,涨停,"[{""code"":""600539.SH"",""time"":1776143474735,""openTime"":null,""duration"":6525265,""updatedTime"":1776150000000,""firstVol"":2.07458E7,""highestVol"":2.10124E7,""firstVolDivLTGB"":0.09019913043478262,""firstVolDivVol"":0.877585276256322,""highestVolDivLTGB"":0.09135826086956522,""highestVolDivVol"":0.8661356953067485}]", 13:11:14,54257115.0,0,2202340846.2,19.478323654586724,3668500000.0,17,600539,20260414
002149.SZ,西部材料,63.51,9.993072393488042,2948582,294858200,330781834,0.8913978026979559, 13:08:02,商业航天+可控核聚变+稀有金属+国企,涨停,"[{""code"":""002149.SZ"",""time"":1776143282543,""openTime"":null,""duration"":6717457,""updatedTime"":1776150000000,""firstVol"":1.8395245E7,""highestVol"":2.1509245E7,""firstVolDivLTGB"":0.03768441913977198,""firstVolDivVol"":0.3230533489464632,""highestVolDivLTGB"":0.04406374603654612,""highestVolDivVol"":0.360115028561255}]", 13:08:02,147429100.0,0,16539091700.0,21.40896346804825,24406963700.0,33,002149,20260414
002213.SZ,大为股份,37.3,0.7835720075655206,2943900,294390000,166435605,1.768792200442928, 09:43:57,存储芯片+锂矿资源+拟定增,涨停,"[{""code"":""002213.SZ"",""time"":1776131037617,""openTime"":null,""duration"":13536589,""updatedTime"":1776150000000,""firstVol"":1.68458E7,""highestVol"":1.91203E7,""firstVolDivLTGB"":0.08155517919685581,""firstVolDivVol"":1.1239674185692752,""highestVolDivLTGB"":0.09256666307314834,""highestVolDivVol"":1.230447881793396}]", 09:43:57,112103712.0,0,6337867838.4,10.798531359921455,7865693758.72,33,002213,20260414
600855.SH,航天长峰,18.62,1.416122004357307,2769690,276969000,260312340,1.0639872085971798, 11:17:34,航天+军工电子+央企,涨停,"[{""code"":""600855.SH"",""time"":1776136654759,""openTime"":null,""duration"":7919447,""updatedTime"":1776150000000,""firstVol"":1.94995E7,""highestVol"":2.11616E7,""firstVolDivLTGB"":0.041697697677217024,""firstVolDivVol"":0.6264561261767678,""highestVolDivLTGB"":0.0452519294938945,""highestVolDivVol"":0.6398300817194139}]", 11:17:34,53261138.7,0,5005806298.2,14.517095501504079,8992711969.44,17,600855,20260414
600152.SH,维科技术,14.85,2.4137931034482736,2679397,267939700,347032858,0.7720874085070065, 09:39:27,电池项目投资+钠电储能龙头+锂电产业链,涨停,"[{""code"":""600152.SH"",""time"":1776130767614,""openTime"":1776144564036,""duration"":8370628,""updatedTime"":1776144564036,""firstVol"":1.17081E7,""highestVol"":2.61333E7,""firstVolDivLTGB"":0.02212919375282773,""firstVolDivVol"":0.22883873056570744,""highestVolDivLTGB"":0.04939391183033737,""highestVolDivVol"":0.39892196290311044},{""code"":""600152.SH"",""time"":1776144579036,""openTime"":null,""duration"":5420964,""updatedTime"":1776150000000,""firstVol"":1098300.0,""highestVol"":9140300.0,""firstVolDivLTGB"":0.0020758699958772727,""firstVolDivVol"":0.012870752647231865,""highestVolDivLTGB"":0.017275857710386082,""highestVolDivVol"":0.10333860354219312}]", 13:29:39,31858030.330000002,1,4126220681.62,27.533821595648444,6290753768.75,17,600152,20260414
603171.SH,税友股份,55.29,-0.5575539568345365,2393632,239363200,103675461,2.308773915169762, 09:51:15,财税SaaS+AI智能体,涨停,"[{""code"":""603171.SH"",""time"":1776131475009,""openTime"":null,""duration"":13099197,""updatedTime"":1776150000000,""firstVol"":8418480.0,""highestVol"":9365085.0,""firstVolDivLTGB"":0.020740791840153736,""firstVolDivVol"":1.6870441077362133,""highestVolDivLTGB"":0.02307296311808618,""highestVolDivVol"":1.8417543253792819}]", 09:51:15,131123160.96000001,0,5679341753.58,6.188490447127117,22234654200.0,17,603171,20260414
600605.SH,汇通能源,31.6,-1.7718371153248376,2314800,231480000,150975154,1.5332324151826995, 09:31:08,半导体投资+上海房产租赁+战略转型,涨停,"[{""code"":""600605.SH"",""time"":1776130268379,""openTime"":null,""duration"":14305827,""updatedTime"":1776150000000,""firstVol"":1147300.0,""highestVol"":4088000.0,""firstVolDivLTGB"":0.005561792177655616,""firstVolDivVol"":1.0355066969926712,""highestVolDivLTGB"":0.019817490126606954,""highestVolDivVol"":1.991077168851916}]", 09:31:08,68031972.0,0,4437159776.06,1.6207699976911434,6062640588.31,17,600605,20260414
002051.SZ,中工国际,10.12,0.09891196834816803,2299090,229909000,449838396,0.5110924324032136, 09:44:12,中东重建+国际工程+算力+一带一路,涨停,"[{""code"":""002051.SZ"",""time"":1776131052617,""openTime"":1776131168799,""duration"":116182,""updatedTime"":1776131168799,""firstVol"":7.2032E7,""highestVol"":7.2032E7,""firstVolDivLTGB"":0.058215310994193185,""firstVolDivVol"":1.1149257653103553,""highestVolDivLTGB"":0.058215310994193185,""highestVolDivVol"":1.1149257653103553},{""code"":""002051.SZ"",""time"":1776143072540,""openTime"":1776143207542,""duration"":135002,""updatedTime"":1776143207542,""firstVol"":3.0716601E7,""highestVol"":3.1090704E7,""firstVolDivLTGB"":0.02482475122028467,""firstVolDivVol"":0.2222918159118776,""highestVolDivLTGB"":0.02512709632369511,""highestVolDivVol"":0.22446033816433142},{""code"":""002051.SZ"",""time"":1776143222542,""openTime"":1776143237542,""duration"":15000,""updatedTime"":1776143237542,""firstVol"":294400.0,""highestVol"":294400.0,""firstVolDivLTGB"":2.3793019153557412E-4,""firstVolDivVol"":0.0020511535683488055,""highestVolDivLTGB"":2.3793019153557412E-4,""highestVolDivVol"":0.0020511535683488055},{""code"":""002051.SZ"",""time"":1776143327543,""openTime"":1776143346552,""duration"":19009,""updatedTime"":1776143346552,""firstVol"":1.6383301E7,""highestVol"":1.6383301E7,""firstVolDivLTGB"":0.013240767475933977,""firstVolDivVol"":0.11194855859056327,""highestVolDivLTGB"":0.013240767475933977,""highestVolDivVol"":0.11194855859056327},{""code"":""002051.SZ"",""time"":1776143613787,""openTime"":1776144502253,""duration"":888466,""updatedTime"":1776144502253,""firstVol"":465900.0,""highestVol"":1.21882E7,""firstVolDivLTGB"":3.7653422634654885E-4,""firstVolDivVol"":0.003073955043325018,""highestVolDivLTGB"":0.009850342257044445,""highestVolDivVol"":0.07985455021948502},{""code"":""002051.SZ"",""time"":1776144519036,""openTime"":1776144703963,""duration"":184927,""updatedTime"":1776144703963,""firstVol"":230700.0,""highestVol"":472300.0,""firstVolDivLTGB"":1.864486928914978E-4,""firstVolDivVol"":0.001458672986950662,""highestVolDivLTGB"":3.817066218147135E-4,""highestVolDivVol"":0.002971543834361126},{""code"":""002051.SZ"",""time"":1776144749338,""openTime"":1776144827979,""duration"":78641,""updatedTime"":1776144827979,""firstVol"":136220.0,""highestVol"":149420.0,""firstVolDivLTGB"":1.1009120479271707E-4,""firstVolDivVol"":8.499156417234332E-4,""highestVolDivLTGB"":1.2075927044580667E-4,""highestVolDivVol"":9.320427786551849E-4},{""code"":""002051.SZ"",""time"":1776144857980,""openTime"":1776145082980,""duration"":225000,""updatedTime"":1776145082980,""firstVol"":13420.0,""highestVol"":2488120.0,""firstVolDivLTGB"":1.084586674730776E-5,""firstVolDivVol"":8.344508570313957E-5,""highestVolDivLTGB"":0.0020108657206640377,""highestVolDivVol"":0.01543691912319302},{""code"":""002051.SZ"",""time"":1776145097980,""openTime"":null,""duration"":4902020,""updatedTime"":1776150000000,""firstVol"":2000.0,""highestVol"":2536302.0,""firstVolDivLTGB"":1.6163735838014546E-6,""firstVolDivVol"":1.2346781839093899E-5,""highestVolDivLTGB"":0.0020498057766713982,""highestVolDivVol"":0.0155601702899571}]", 13:38:17,24876153.8,8,4867251444.72,36.755919563611464,13387994097.94,33,002051,20260414
603269.SH,海鸥股份,14.92,0.6747638326585671,2296680,229668000,229579410,1.000385879552526, 11:11:58,液冷服务器+核电冷却塔+回购+制造业单项冠军,涨停,"[{""code"":""603269.SH"",""time"":1776136318547,""openTime"":null,""duration"":8255659,""updatedTime"":1776150000000,""firstVol"":2.18003E7,""highestVol"":2.22057E7,""firstVolDivLTGB"":0.07060785478643801,""firstVolDivVol"":1.001526433915739,""highestVolDivLTGB"":0.07192088370486675,""highestVolDivVol"":1.0079583760130446}]", 11:11:58,36769846.800000004,0,3675566354.1,12.571877417055823,4943115805.68,17,603269,20260414
603109.SH,神驰机电,22.4,0.3584229390680927,2293900,229390000,83526360,2.746318647191138, 14:28:25,小型发电机+储能+北美大客户+拟投资新质基金,涨停,"[{""code"":""603109.SH"",""time"":1776148105843,""openTime"":null,""duration"":1894157,""updatedTime"":1776150000000,""firstVol"":6358500.0,""highestVol"":6485100.0,""firstVolDivLTGB"":0.030445534741091573,""firstVolDivVol"":0.8154059858762989,""highestVolDivLTGB"":0.031051716182976013,""highestVolDivVol"":0.7978071651697403}]", 14:28:25,53746077.0,0,1957022614.8,10.557572483704545,4893317074.8,17,603109,20260414
300857.SZ,协创数据,259.7,-4.441255473378222,2032527,203252700,216059090,0.9407273723128242, 09:33:08,一季报预增+算力租赁+光模块,涨停,"[{""code"":""300857.SZ"",""time"":1776130388696,""openTime"":null,""duration"":14185510,""updatedTime"":1776150000000,""firstVol"":7081189.0,""highestVol"":1.0400379E7,""firstVolDivLTGB"":0.020585431068483064,""firstVolDivVol"":0.6531358353459084,""highestVolDivLTGB"":0.03023451075668208,""highestVolDivVol"":0.8863272974939498}]", 09:33:08,507318739.2,0,53928348864.0,7.903548515362163,85859983622.4,33,300857,20260414
000967.SZ,盈峰环境,13.57,-3.8270729978738425,1989900,198990000,1371479544,0.14509148231233115, 09:30:08,算力+新能源环卫+机器人,涨停,"[{""code"":""000967.SZ"",""time"":1776130208368,""openTime"":1776143192541,""duration"":7558379,""updatedTime"":1776143192541,""firstVol"":3.7925101E7,""highestVol"":4.9689842E7,""firstVolDivLTGB"":0.01198104539788104,""firstVolDivVol"":1.9676679168566664,""highestVolDivLTGB"":0.015697684043492355,""highestVolDivVol"":2.300605187485335},{""code"":""000967.SZ"",""time"":1776143582103,""openTime"":1776143613787,""duration"":31684,""updatedTime"":1776143613787,""firstVol"":2.2003533E7,""highestVol"":2.2003533E7,""firstVolDivLTGB"":0.006951209643100848,""firstVolDivVol"":0.1514733234285686,""highestVolDivLTGB"":0.006951209643100848,""highestVolDivVol"":0.1514733234285686},{""code"":""000967.SZ"",""time"":1776143628787,""openTime"":1776143643787,""duration"":15000,""updatedTime"":1776143643787,""firstVol"":1725700.0,""highestVol"":1725700.0,""firstVolDivLTGB"":5.451716540747858E-4,""firstVolDivVol"":0.011236704231738776,""highestVolDivLTGB"":5.451716540747858E-4,""highestVolDivVol"":0.011236704231738776},{""code"":""000967.SZ"",""time"":1776145187980,""openTime"":1776145202980,""duration"":15000,""updatedTime"":1776145202980,""firstVol"":410000.0,""highestVol"":410000.0,""firstVolDivLTGB"":1.2952447016901093E-4,""firstVolDivVol"":0.0019311427047104292,""highestVolDivLTGB"":1.2952447016901093E-4,""highestVolDivVol"":0.0019311427047104292},{""code"":""000967.SZ"",""time"":1776145217980,""openTime"":1776145382981,""duration"":165001,""updatedTime"":1776145382981,""firstVol"":282500.0,""highestVol"":804701.0,""firstVolDivLTGB"":8.924551907986728E-5,""firstVolDivVol"":0.001324877068994861,""highestVolDivLTGB"":2.542157821206665E-4,""highestVolDivVol"":0.0037263755515985213},{""code"":""000967.SZ"",""time"":1776145397981,""openTime"":1776146161061,""duration"":763080,""updatedTime"":1776146161061,""firstVol"":4344600.0,""highestVol"":7842149.0,""firstVolDivLTGB"":0.00137251710511289,""firstVolDivVol"":0.020005749477235484,""highestVolDivLTGB"":0.0024774394980766803,""highestVolDivVol"":0.035974361896122034},{""code"":""000967.SZ"",""time"":1776146179462,""openTime"":1776146194673,""duration"":15211,""updatedTime"":1776146194673,""firstVol"":36806.0,""highestVol"":36806.0,""firstVolDivLTGB"":1.1627506461074673E-5,""firstVolDivVol"":1.6348274478849336E-4,""highestVolDivLTGB"":1.1627506461074673E-5,""highestVolDivVol"":1.6348274478849336E-4},{""code"":""000967.SZ"",""time"":1776146364489,""openTime"":1776146394489,""duration"":30000,""updatedTime"":1776146394489,""firstVol"":148500.0,""highestVol"":148500.0,""firstVolDivLTGB"":4.691313126853201E-5,""firstVolDivVol"":6.431187891939759E-4,""highestVolDivLTGB"":4.691313126853201E-5,""highestVolDivVol"":6.431187891939759E-4},{""code"":""000967.SZ"",""time"":1776146515773,""openTime"":1776146575774,""duration"":60001,""updatedTime"":1776146575774,""firstVol"":46202.0,""highestVol"":449502.0,""firstVolDivLTGB"":1.4595828221338154E-5,""firstVolDivVol"":1.960935442857674E-4,""highestVolDivLTGB"":1.4200367899978232E-4,""highestVolDivVol"":0.0019066525717808022},{""code"":""000967.SZ"",""time"":1776146605774,""openTime"":1776146650774,""duration"":45000,""updatedTime"":1776146650774,""firstVol"":170173.0,""highestVol"":170173.0,""firstVolDivLTGB"":5.3759921127002674E-5,""firstVolDivVol"":7.100943068899465E-4,""highestVolDivLTGB"":5.3759921127002674E-5,""highestVolDivVol"":7.100943068899465E-4},{""code"":""000967.SZ"",""time"":1776146665774,""openTime"":1776146680775,""duration"":15001,""updatedTime"":1776146680775,""firstVol"":79300.0,""highestVol"":79300.0,""firstVolDivLTGB"":2.505192801073797E-5,""firstVolDivVol"":3.296982678783875E-4,""highestVolDivLTGB"":2.505192801073797E-5,""highestVolDivVol"":3.296982678783875E-4},{""code"":""000967.SZ"",""time"":1776146695775,""openTime"":1776146725775,""duration"":30000,""updatedTime"":1776146725775,""firstVol"":2800.0,""highestVol"":2800.0,""firstVolDivLTGB"":8.84557357251782E-7,""firstVolDivVol"":1.1616537917396209E-5,""highestVolDivLTGB"":8.84557357251782E-7,""highestVolDivVol"":1.1616537917396209E-5},{""code"":""000967.SZ"",""time"":1776146755775,""openTime"":1776146786553,""duration"":30778,""updatedTime"":1776146786553,""firstVol"":30500.0,""highestVol"":229100.0,""firstVolDivLTGB"":9.63535692720691E-6,""firstVolDivVol"":1.2639931815649122E-4,""highestVolDivLTGB"":7.23757466237083E-5,""highestVolDivVol"":9.485133615971822E-4},{""code"":""000967.SZ"",""time"":1776146801553,""openTime"":1776146816553,""duration"":15000,""updatedTime"":1776146816553,""firstVol"":35700.0,""highestVol"":35700.0,""firstVolDivLTGB"":1.127810630496022E-5,""firstVolDivVol"":1.471683874718561E-4,""highestVolDivLTGB"":1.127810630496022E-5,""highestVolDivVol"":1.471683874718561E-4},{""code"":""000967.SZ"",""time"":1776146831557,""openTime"":1776146846557,""duration"":15000,""updatedTime"":1776146846557,""firstVol"":13400.0,""highestVol"":13400.0,""firstVolDivLTGB"":4.233238781133528E-6,""firstVolDivVol"":5.514687650354975E-5,""highestVolDivLTGB"":4.233238781133528E-6,""highestVolDivVol"":5.514687650354975E-5},{""code"":""000967.SZ"",""time"":1776146921558,""openTime"":1776146966558,""duration"":45000,""updatedTime"":1776146966558,""firstVol"":145400.0,""highestVol"":145400.0,""firstVolDivLTGB"":4.593379990871753E-5,""firstVolDivVol"":5.931987680558954E-4,""highestVolDivLTGB"":4.593379990871753E-5,""highestVolDivVol"":5.931987680558954E-4},{""code"":""000967.SZ"",""time"":1776146981558,""openTime"":1776147026558,""duration"":45000,""updatedTime"":1776147026558,""firstVol"":161900.0,""highestVol"":774600.0,""firstVolDivLTGB"":5.114637004966553E-5,""firstVolDivVol"":6.587030458445114E-4,""highestVolDivLTGB"":2.4470647461686797E-4,""highestVolDivVol"":0.0031488621534168245},{""code"":""000967.SZ"",""time"":1776147041558,""openTime"":1776147056559,""duration"":15001,""updatedTime"":1776147056559,""firstVol"":29800.0,""highestVol"":29800.0,""firstVolDivLTGB"":9.414217587893964E-6,""firstVolDivVol"":1.2072141823198054E-4,""highestVolDivLTGB"":9.414217587893964E-6,""highestVolDivVol"":1.2072141823198054E-4},{""code"":""000967.SZ"",""time"":1776147071560,""openTime"":1776147086560,""duration"":15000,""updatedTime"":1776147086560,""firstVol"":1400.0,""highestVol"":1400.0,""firstVolDivLTGB"":4.42278678625891E-7,""firstVolDivVol"":5.666577296647588E-6,""highestVolDivLTGB"":4.42278678625891E-7,""highestVolDivVol"":5.666577296647588E-6},{""code"":""000967.SZ"",""time"":1776147131560,""openTime"":1776147267581,""duration"":136021,""updatedTime"":1776147267581,""firstVol"":213500.0,""highestVol"":235400.0,""firstVolDivLTGB"":6.744749849044838E-5,""firstVolDivVol"":8.62945569920377E-4,""highestVolDivLTGB"":7.436600067752481E-5,""highestVolDivVol"":9.513501210122203E-4},{""code"":""000967.SZ"",""time"":1776147360914,""openTime"":1776147375914,""duration"":15000,""updatedTime"":1776147375914,""firstVol"":70477.0,""highestVol"":70477.0,""firstVolDivLTGB"":2.226462459536923E-5,""firstVolDivVol"":2.8351719825454104E-4,""highestVolDivLTGB"":2.226462459536923E-5,""highestVolDivVol"":2.8351719825454104E-4},{""code"":""000967.SZ"",""time"":1776147440263,""openTime"":1776147455263,""duration"":15000,""updatedTime"":1776147455263,""firstVol"":30877.0,""highestVol"":30877.0,""firstVolDivLTGB"":9.754456257094026E-6,""firstVolDivVol"":1.2403204033168297E-4,""highestVolDivLTGB"":9.754456257094026E-6,""highestVolDivVol"":1.2403204033168297E-4},{""code"":""000967.SZ"",""time"":1776148025396,""openTime"":1776148075843,""duration"":50447,""updatedTime"":1776148075843,""firstVol"":18013.0,""highestVol"":51500.0,""firstVolDivLTGB"":5.690547027205839E-6,""firstVolDivVol"":6.993495152657209E-5,""highestVolDivLTGB"":1.6269537106595277E-5,""highestVolDivVol"":1.9987757401563594E-4},{""code"":""000967.SZ"",""time"":1776148143001,""openTime"":1776148158001,""duration"":15000,""updatedTime"":1776148158001,""firstVol"":18987.0,""highestVol"":18987.0,""firstVolDivLTGB"":5.998246622192709E-6,""firstVolDivVol"":7.33300497599249E-5,""highestVolDivLTGB"":5.998246622192709E-6,""highestVolDivVol"":7.33300497599249E-5},{""code"":""000967.SZ"",""time"":1776148188001,""openTime"":null,""duration"":1811999,""updatedTime"":1776150000000,""firstVol"":32600.0,""highestVol"":2441551.0,""firstVolDivLTGB"":1.0298774945145747E-5,""firstVolDivVol"":1.258145478898604E-4,""highestVolDivLTGB"":7.71318535769802E-4,""highestVolDivVol"":0.009395541615203597}]", 14:29:48,23261931.0,24,16032595869.36,19.432173098456364,37003818612.39,33,000967,20260414
000004.SZ,*ST国华,,,1712800,171280000,93394880,1.8339335089889295, 09:30:53,退市风险博弈+算力+移动应用安全,涨停,"[{""code"":""000004.SZ"",""time"":1776130253379,""openTime"":null,""duration"":14320827,""updatedTime"":1776150000000,""firstVol"":1247000.0,""highestVol"":3013100.0,""firstVolDivLTGB"":0.009874273809320946,""firstVolDivVol"":0.7857092900829877,""highestVolDivLTGB"":0.023859001134615032,""highestVolDivVol"":1.3509229954613542}]", 09:30:53,5652240.0,0,308203104.0,3.3570373450878677,416753924.4,33,000004,20260414
603629.SH,利通电子,144.41,9.993144946302083,1518197,151819700,139932820,1.0849470481621108, 09:56:59,算力租赁+液冷+英伟达合作+年报预增,涨停,"[{""code"":""603629.SH"",""time"":1776131819605,""openTime"":null,""duration"":12754601,""updatedTime"":1776150000000,""firstVol"":5164880.0,""highestVol"":6008380.0,""firstVolDivLTGB"":0.020108389266970863,""firstVolDivVol"":0.17364165366369205,""highestVolDivLTGB"":0.023392381604970956,""highestVolDivVol"":0.2006808555891962}]", 09:56:59,121379850.15,0,11187628959.0,22.885252366099675,20535317400.0,17,603629,20260414
301292.SZ,海科新源,84.83,-6.574889867841408,1496059,149605900,85068647,1.7586491060566651, 14:48:38,电解液龙头+固态电池+比亚迪大单,涨停,"[{""code"":""301292.SZ"",""time"":1776149318494,""openTime"":null,""duration"":681506,""updatedTime"":1776150000000,""firstVol"":4628514.0,""highestVol"":4755272.0,""firstVolDivLTGB"":0.054409164401074815,""firstVolDivVol"":0.14329949708638653,""highestVolDivLTGB"":0.05589923159351529,""highestVolDivVol"":0.1465021192298835}]", 14:48:38,159868864.74,0,9090435618.42,39.07970465311386,9090435618.42,33,301292,20260414
301157.SZ,华塑科技,71.03,-3.596634093376772,1333590,133359000,20657805,6.455622947355733, 14:16:00,液冷+东数西算+BMS,涨停,"[{""code"":""301157.SZ"",""time"":1776147360914,""openTime"":null,""duration"":2639086,""updatedTime"":1776150000000,""firstVol"":3675300.0,""highestVol"":3675300.0,""firstVolDivLTGB"":0.17789400851062595,""firstVolDivVol"":0.8676706114323919,""highestVolDivLTGB"":0.17789400851062595,""highestVolDivVol"":0.8676706114323919}]", 14:16:00,103619943.0,0,1605111448.5,24.18521232047645,1605111448.5,33,301157,20260414
603026.SH,石大胜华,114.92,-3.6310272536687616,1232100,123210000,155440835,0.792648855752737, 09:34:23,一季度业绩预盈+锂电池电解液+国企,涨停,"[{""code"":""603026.SH"",""time"":1776130463697,""openTime"":1776130493697,""duration"":30000,""updatedTime"":1776130493697,""firstVol"":597004.0,""highestVol"":876884.0,""firstVolDivLTGB"":0.0025655410336974296,""firstVolDivVol"":0.08667557129997967,""highestVolDivLTGB"":0.003768286114988738,""highestVolDivVol"":0.12063304269351302},{""code"":""603026.SH"",""time"":1776130632614,""openTime"":null,""duration"":13941592,""updatedTime"":1776150000000,""firstVol"":5401062.0,""highestVol"":6208662.0,""firstVolDivLTGB"":0.023210307111081175,""firstVolDivVol"":0.5402227260420073,""highestVolDivLTGB"":0.026680854944620053,""highestVolDivVol"":0.6141812668373621}]", 09:37:12,121386492.0,1,15314031064.2,9.224157217117368,22925703899.28,17,603026,20260414
002713.SZ,*ST东易,12.78,3.9024390243902327,1189896,118989600,390756229,0.3045110766487615, 14:23:31,算力中心+家装AI+重整完成,涨停,"[{""code"":""002713.SZ"",""time"":1776147811666,""openTime"":null,""duration"":2188334,""updatedTime"":1776150000000,""firstVol"":2616874.0,""highestVol"":3052408.0,""firstVolDivLTGB"":0.0049703131427726085,""firstVolDivVol"":0.0886101250864769,""highestVolDivLTGB"":0.005797536908351052,""highestVolDivVol"":0.10046561166640856}]", 14:23:31,17753248.32,0,5830082936.68,7.9104630216912035,7855392398.52,33,002713,20260414
000608.SZ,*ST阳光,3.78,2.7173913043478164,1174100,117410000,689234809,0.17034833189918008, 13:44:48,摘星脱帽预期+商业地产+控制权变更,涨停,"[{""code"":""000608.SZ"",""time"":1776145488303,""openTime"":null,""duration"":4511697,""updatedTime"":1776150000000,""firstVol"":2319000.0,""highestVol"":3589000.0,""firstVolDivLTGB"":0.0031109662796891574,""firstVolDivVol"":0.1329129181383663,""highestVolDivLTGB"":0.004814686493231732,""highestVolDivVol"":0.19524413786140157}]", 13:44:48,4895997.0,0,2874109153.53,2.937288386431452,3108432921.03,33,000608,20260414
301189.SZ,奥尼电子,81.3,0.2713369511593474,870531,87053100,40791675,2.1340898602472196, 10:35:17,AI服务器+英伟达概念+沐曦合作,涨停,"[{""code"":""301189.SZ"",""time"":1776134117908,""openTime"":1776134224178,""duration"":106270,""updatedTime"":1776134224178,""firstVol"":2185900.0,""highestVol"":2453500.0,""firstVolDivLTGB"":0.019559248411966466,""firstVolDivVol"":0.23534034936613463,""highestVolDivLTGB"":0.021953710590036014,""highestVolDivVol"":0.26378458577702757},{""code"":""301189.SZ"",""time"":1776134580876,""openTime"":null,""duration"":9993330,""updatedTime"":1776150000000,""firstVol"":2709635.0,""highestVol"":2931128.0,""firstVolDivLTGB"":0.024245584917314954,""firstVolDivVol"":0.26154487667366627,""highestVolDivLTGB"":0.02622748555710254,""highestVolDivVol"":0.27982070109256096}]", 10:43:00,62669526.69,1,2936592683.25,28.974027175888217,8045449277.27,33,301189,20260414
001270.SZ,*ST铖昌,140.35,4.997381611431142,578800,57880000,107398291,0.5389285011993348, 09:41:42,T/R芯片+商业航天+扭亏为盈+摘帽预期,涨停,"[{""code"":""001270.SZ"",""time"":1776130902615,""openTime"":1776130917615,""duration"":15000,""updatedTime"":1776130917615,""firstVol"":153150.0,""highestVol"":153150.0,""firstVolDivLTGB"":7.52581476084855E-4,""firstVolDivVol"":0.06293003733068163,""highestVolDivLTGB"":7.52581476084855E-4,""highestVolDivVol"":0.06293003733068163},{""code"":""001270.SZ"",""time"":1776132247049,""openTime"":1776134747751,""duration"":2500702,""updatedTime"":1776134747751,""firstVol"":469378.0,""highestVol"":641378.0,""firstVolDivLTGB"":0.002306530774285061,""firstVolDivVol"":0.13496106964104826,""highestVolDivLTGB"":0.0031517414428230634,""highestVolDivVol"":0.1801129296819384},{""code"":""001270.SZ"",""time"":1776134773401,""openTime"":null,""duration"":9800805,""updatedTime"":1776150000000,""firstVol"":18100.0,""highestVol"":705300.0,""firstVolDivLTGB"":8.894368081708048E-5,""firstVolDivVol"":0.00445223161345184,""highestVolDivLTGB"":0.0034658551425572853,""highestVolDivVol"":0.16240760232450344}]", 10:46:13,78479492.0,2,14562134276.69,4.057026382291316,27592505475.99,33,001270,20260414
000929.SZ,*ST兰黄,10.33,0.4863813229572054,516800,51680000,136534694,0.37851185281888866, 09:38:42,申请撤销退市风险警示+啤酒饮料+果汁扩产+扭亏预期,涨停,"[{""code"":""000929.SZ"",""time"":1776130722614,""openTime"":1776134066931,""duration"":3344317,""updatedTime"":1776134066931,""firstVol"":990899.0,""highestVol"":1645899.0,""firstVolDivLTGB"":0.0053344628401799515,""firstVolDivVol"":0.2510320342938124,""highestVolDivLTGB"":0.008860627626215528,""highestVolDivVol"":0.4140000467853791},{""code"":""000929.SZ"",""time"":1776135486242,""openTime"":null,""duration"":9087964,""updatedTime"":1776150000000,""firstVol"":568300.0,""highestVol"":1150000.0,""firstVolDivLTGB"":0.0030594190044336165,""firstVolDivVol"":0.09002913471435037,""highestVolDivLTGB"":0.006190976341894526,""highestVolDivVol"":0.18035535022578136}]", 10:58:06,5390224.0,1,1424056858.42,5.150559754431353,1937416545.89,33,000929,20260414
688813.SH,泰金新能,92.4,6.857869781427093,488994,48899400,30076976,1.6258083924394526, 09:47:11,PCB+铜箔+陕西国资+次新股,涨停,"[{""code"":""688813.SH"",""time"":1776131231882,""openTime"":null,""duration"":13342324,""updatedTime"":1776150000000,""firstVol"":923202.0,""highestVol"":1928777.0,""firstVolDivLTGB"":0.03069464164216509,""firstVolDivVol"":0.11569292417493153,""highestVolDivLTGB"":0.06412802271079379,""highestVolDivVol"":0.2373093124099683}]", 09:47:11,33799265.28,0,2078920581.12,31.865547254484625,2078920581.12,17,688813,20260414
002808.SZ,*ST恒久,2.83,-5.033557046979863,467560,46756000,168246936,0.27790104896769113, 14:41:41,ST摘帽博弈+新能源转型+OPC感光鼓,涨停,"[{""code"":""002808.SZ"",""time"":1776148901329,""openTime"":null,""duration"":1098671,""updatedTime"":1776150000000,""firstVol"":33300.0,""highestVol"":491460.0,""firstVolDivLTGB"":2.018109313018136E-4,""firstVolDivVol"":0.008201687626535045,""highestVolDivLTGB"":0.0029784384473750545,""highestVolDivVol"":0.11687403687004166}]", 14:41:41,2220910.0,0,799172946.0,2.5994767595648813,887590016.0,33,002808,20260414
000752.SZ,*ST西发,10.0,-1.1857707509881346,422600,42260000,214073042,0.19740925622946956, 14:26:05,ST重整+拟全资控股拉萨啤酒+业绩预增,涨停,"[{""code"":""000752.SZ"",""time"":1776147965396,""openTime"":null,""duration"":2034604,""updatedTime"":1776150000000,""firstVol"":254400.0,""highestVol"":632800.0,""firstVolDivLTGB"":9.645187119303014E-4,""firstVolDivVol"":0.024404926072931783,""highestVolDivLTGB"":0.002399164468983863,""highestVolDivVol"":0.06065413103228481}]", 14:26:05,4116124.0,0,2085071429.08,5.017224448092815,2569007702.34,33,000752,20260414
603585.SH,苏利股份,19.33,-0.41215868109223003,412000,41200000,60480910,0.6812066815793612, 09:32:08,溴素涨价+百菌清涨价+阻燃剂,涨停,"[{""code"":""603585.SH"",""time"":1776130328695,""openTime"":1776130343696,""duration"":15001,""updatedTime"":1776130343696,""firstVol"":1100344.0,""highestVol"":1100344.0,""firstVolDivLTGB"":0.00592918615838533,""firstVolDivVol"":0.3344271761743462,""highestVolDivLTGB"":0.00592918615838533,""highestVolDivVol"":0.3344271761743462},{""code"":""603585.SH"",""time"":1776130358696,""openTime"":1776130403696,""duration"":45000,""updatedTime"":1776130403696,""firstVol"":1205945.0,""highestVol"":1205945.0,""firstVolDivLTGB"":0.0064982154687752165,""firstVolDivVol"":0.23622663433779284,""highestVolDivLTGB"":0.0064982154687752165,""highestVolDivVol"":0.23622663433779284},{""code"":""603585.SH"",""time"":1776130538697,""openTime"":1776130553697,""duration"":15000,""updatedTime"":1776130553697,""firstVol"":8411147.0,""highestVol"":8411147.0,""firstVolDivLTGB"":0.04532333194759484,""firstVolDivVol"":0.9271310441720454,""highestVolDivLTGB"":0.04532333194759484,""highestVolDivVol"":0.9271310441720454},{""code"":""603585.SH"",""time"":1776130602614,""openTime"":1776130632614,""duration"":30000,""updatedTime"":1776130632614,""firstVol"":325272.0,""highestVol"":325272.0,""firstVolDivLTGB"":0.0017527230030884096,""firstVolDivVol"":0.02986251959638336,""highestVolDivLTGB"":0.0017527230030884096,""highestVolDivVol"":0.02986251959638336},{""code"":""603585.SH"",""time"":1776130647614,""openTime"":1776130692614,""duration"":45000,""updatedTime"":1776130692614,""firstVol"":5458100.0,""highestVol"":5458100.0,""firstVolDivLTGB"":0.02941088511509398,""firstVolDivVol"":0.4719352397046421,""highestVolDivLTGB"":0.02941088511509398,""highestVolDivVol"":0.4719352397046421},{""code"":""603585.SH"",""time"":1776130887615,""openTime"":null,""duration"":13686591,""updatedTime"":1776150000000,""firstVol"":4482611.0,""highestVol"":4482611.0,""firstVolDivLTGB"":0.024154478140132378,""firstVolDivVol"":0.30951818205985204,""highestVolDivLTGB"":0.024154478140132378,""highestVolDivVol"":0.30951818205985204}]", 09:41:27,10876800.0,5,1596696024.0,28.154113421904533,4899337080.0,17,603585,20260414
600243.SH,*ST海华,4.16,3.740648379052378,379300,37930000,395616125,0.09587576846115663, 09:34:08,退市博弈+减速器+电梯配件,涨停,"[{""code"":""600243.SH"",""time"":1776130448697,""openTime"":1776130463697,""duration"":15000,""updatedTime"":1776130463697,""firstVol"":545000.0,""highestVol"":545000.0,""firstVolDivLTGB"":0.0012418821920929704,""firstVolDivVol"":0.13860983239655128,""highestVolDivLTGB"":0.0012418821920929704,""highestVolDivVol"":0.13860983239655128},{""code"":""600243.SH"",""time"":1776132897361,""openTime"":1776145367981,""duration"":7044826,""updatedTime"":1776145367981,""firstVol"":294300.0,""highestVol"":1700000.0,""firstVolDivLTGB"":6.706163837302039E-4,""firstVolDivVol"":0.02768084726154309,""highestVolDivLTGB"":0.0038737609661615587,""highestVolDivVol"":0.15954202055276617},{""code"":""600243.SH"",""time"":1776147440263,""openTime"":null,""duration"":2559737,""updatedTime"":1776150000000,""firstVol"":127400.0,""highestVol"":458100.0,""firstVolDivLTGB"":2.9030420416998974E-4,""firstVolDivVol"":0.0083526737505295,""highestVolDivLTGB"":0.0010438646462344766,""highestVolDivVol"":0.02987595511263287}]", 14:17:20,1361687.0,2,1420261888.75,3.9267866040596804,1575471500.0,22,600243,20260414
603139.SH,康惠股份,36.3,-1.3050570962479717,316900,31690000,50530963,0.6271402347903008, 13:31:13,中药医保+控制权变更+资产处置收益,涨停,"[{""code"":""603139.SH"",""time"":1776144673963,""openTime"":null,""duration"":5326037,""updatedTime"":1776150000000,""firstVol"":3706700.0,""highestVol"":3706700.0,""firstVolDivLTGB"":0.03711153384060873,""firstVolDivVol"":0.8282203105798235,""highestVolDivLTGB"":0.03711153384060873,""highestVolDivVol"":0.8282203105798235}]", 13:31:13,9022143.0,0,1438616516.61,13.431764599459543,2843583600.0,17,603139,20260414
600381.SH,*ST春天,3.59,4.970760233918127,295100,29510000,341682758,0.086366664132347, 09:42:12,退市博弈+高端白酒+虫草龙头,涨停,"[{""code"":""600381.SH"",""time"":1776130932616,""openTime"":1776131037617,""duration"":105001,""updatedTime"":1776131037617,""firstVol"":409000.0,""highestVol"":522400.0,""firstVolDivLTGB"":6.966911112184216E-4,""firstVolDivVol"":0.08416126203207676,""highestVolDivLTGB"":8.898568129596661E-4,""highestVolDivVol"":0.1074450978996787},{""code"":""600381.SH"",""time"":1776131152809,""openTime"":1776131341301,""duration"":188492,""updatedTime"":1776131341301,""firstVol"":6400.0,""highestVol"":712100.0,""firstVolDivLTGB"":1.0901767999505863E-5,""firstVolDivVol"":0.0011896313221004874,""highestVolDivLTGB"":0.0012129920300700196,""highestVolDivVol"":0.13173331892856655},{""code"":""600381.SH"",""time"":1776131386302,""openTime"":1776131401302,""duration"":15000,""updatedTime"":1776131401302,""firstVol"":13400.0,""highestVol"":13400.0,""firstVolDivLTGB"":2.2825576748965402E-5,""firstVolDivVol"":0.002127687276969945,""highestVolDivLTGB"":2.2825576748965402E-5,""highestVolDivVol"":0.002127687276969945},{""code"":""600381.SH"",""time"":1776131727700,""openTime"":1776131849760,""duration"":122060,""updatedTime"":1776131849760,""firstVol"":8738.0,""highestVol"":28200.0,""firstVolDivLTGB"":1.488432012182535E-5,""firstVolDivVol"":0.0012452650570473338,""highestVolDivLTGB"":4.803591524782271E-5,""highestVolDivVol"":0.004003930098763609},{""code"":""600381.SH"",""time"":1776132095944,""openTime"":1776132110973,""duration"":15029,""updatedTime"":1776132110973,""firstVol"":7700.0,""highestVol"":7700.0,""firstVolDivLTGB"":1.3116189624405492E-5,""firstVolDivVol"":0.0010377106754822659,""highestVolDivLTGB"":1.3116189624405492E-5,""highestVolDivVol"":0.0010377106754822659},{""code"":""600381.SH"",""time"":1776132157777,""openTime"":1776132172777,""duration"":15000,""updatedTime"":1776132172777,""firstVol"":5700.0,""highestVol"":5700.0,""firstVolDivLTGB"":9.70938712455991E-6,""firstVolDivVol"":7.615759545085296E-4,""highestVolDivLTGB"":9.70938712455991E-6,""highestVolDivVol"":7.615759545085296E-4},{""code"":""600381.SH"",""time"":1776132273355,""openTime"":1776132388552,""duration"":115197,""updatedTime"":1776132388552,""firstVol"":35800.0,""highestVol"":35800.0,""firstVolDivLTGB"":6.0981764747235926E-5,""firstVolDivVol"":0.004756349992958476,""highestVolDivLTGB"":6.0981764747235926E-5,""highestVolDivVol"":0.004756349992958476},{""code"":""600381.SH"",""time"":1776132641280,""openTime"":1776133003268,""duration"":361988,""updatedTime"":1776133003268,""firstVol"":62900.0,""highestVol"":166600.0,""firstVolDivLTGB"":1.0714393862014356E-4,""firstVolDivVol"":0.00805390095622468,""highestVolDivLTGB"":2.83786648237137E-4,""highestVolDivVol"":0.021260901635787737},{""code"":""600381.SH"",""time"":1776133022175,""openTime"":1776142812897,""duration"":4364928,""updatedTime"":1776142812897,""firstVol"":20700.0,""highestVol"":545200.0,""firstVolDivLTGB"":3.526040587340178E-5,""firstVolDivVol"":0.00258421159075077,""highestVolDivLTGB"":9.286943614579058E-4,""highestVolDivVol"":0.06647337529170497},{""code"":""600381.SH"",""time"":1776142932898,""openTime"":1776142977898,""duration"":45000,""updatedTime"":1776142977898,""firstVol"":2200.0,""highestVol"":17000.0,""firstVolDivLTGB"":3.7474827498301407E-6,""firstVolDivVol"":2.401626119212354E-4,""highestVolDivLTGB"":2.895782124868745E-5,""highestVolDivVol"":0.0018557007125890735},{""code"":""600381.SH"",""time"":1776143177541,""openTime"":1776143192541,""duration"":15000,""updatedTime"":1776143192541,""firstVol"":12320.0,""highestVol"":12320.0,""firstVolDivLTGB"":2.098590339904879E-5,""firstVolDivVol"":0.001292304077471112,""highestVolDivLTGB"":2.098590339904879E-5,""highestVolDivVol"":0.001292304077471112},{""code"":""600381.SH"",""time"":1776143411138,""openTime"":1776143435659,""duration"":24521,""updatedTime"":1776143435659,""firstVol"":136900.0,""highestVol"":136900.0,""firstVolDivLTGB"":2.3319563111443012E-4,""firstVolDivVol"":0.01398085776494185,""highestVolDivLTGB"":2.3319563111443012E-4,""highestVolDivVol"":0.01398085776494185},{""code"":""600381.SH"",""time"":1776143459735,""openTime"":1776143496581,""duration"":36846,""updatedTime"":1776143496581,""firstVol"":5600.0,""highestVol"":5600.0,""firstVolDivLTGB"":9.53904699956763E-6,""firstVolDivVol"":5.685590885185584E-4,""highestVolDivLTGB"":9.53904699956763E-6,""highestVolDivVol"":5.685590885185584E-4},{""code"":""600381.SH"",""time"":1776143597103,""openTime"":1776143613787,""duration"":16684,""updatedTime"":1776143613787,""firstVol"":200.0,""highestVol"":200.0,""firstVolDivLTGB"":3.4068024998455823E-7,""firstVolDivVol"":2.0046990144899645E-5,""highestVolDivLTGB"":3.4068024998455823E-7,""highestVolDivVol"":2.0046990144899645E-5},{""code"":""600381.SH"",""time"":1776143766912,""openTime"":1776143895365,""duration"":128453,""updatedTime"":1776143895365,""firstVol"":25900.0,""highestVol"":63100.0,""firstVolDivLTGB"":4.4118092373000294E-5,""firstVolDivVol"":0.0025546790080349093,""highestVolDivLTGB"":1.0748461887012812E-4,""highestVolDivVol"":0.006223947699112076},{""code"":""600381.SH"",""time"":1776144227567,""openTime"":1776144272568,""duration"":45001,""updatedTime"":1776144272568,""firstVol"":11600.0,""highestVol"":11600.0,""firstVolDivLTGB"":1.975945449910438E-5,""firstVolDivVol"":0.0011038724989199178,""highestVolDivLTGB"":1.975945449910438E-5,""highestVolDivVol"":0.0011038724989199178},{""code"":""600381.SH"",""time"":1776145458303,""openTime"":1776145533303,""duration"":75000,""updatedTime"":1776145533303,""firstVol"":23900.0,""highestVol"":103800.0,""firstVolDivLTGB"":4.071128987315471E-5,""firstVolDivVol"":0.0021577600680949354,""highestVolDivLTGB"":1.7681304974198573E-4,""highestVolDivVol"":0.009353625714937353},{""code"":""600381.SH"",""time"":1776146301399,""openTime"":1776146635774,""duration"":334375,""updatedTime"":1776146635774,""firstVol"":21200.0,""highestVol"":148800.0,""firstVolDivLTGB"":3.611210649836317E-5,""firstVolDivVol"":0.0018630973237222118,""highestVolDivLTGB"":2.5346610598851136E-4,""highestVolDivVol"":0.013045192386341789},{""code"":""600381.SH"",""time"":1776146846557,""openTime"":1776146876557,""duration"":30000,""updatedTime"":1776146876557,""firstVol"":2000.0,""highestVol"":2400.0,""firstVolDivLTGB"":3.4068024998455824E-6,""firstVolDivVol"":1.7225192084576382E-4,""highestVolDivLTGB"":4.0881629998146985E-6,""highestVolDivVol"":2.0670230501491658E-4},{""code"":""600381.SH"",""time"":1776146891557,""openTime"":1776146906557,""duration"":15000,""updatedTime"":1776146906557,""firstVol"":3200.0,""highestVol"":3200.0,""firstVolDivLTGB"":5.450883999752932E-6,""firstVolDivVol"":2.7554611733563095E-4,""highestVolDivLTGB"":5.450883999752932E-6,""highestVolDivVol"":2.7554611733563095E-4},{""code"":""600381.SH"",""time"":1776147086560,""openTime"":1776147131560,""duration"":45000,""updatedTime"":1776147131560,""firstVol"":10500.0,""highestVol"":26500.0,""firstVolDivLTGB"":1.7885713124189307E-5,""firstVolDivVol"":8.985263397862072E-4,""highestVolDivLTGB"":4.514013312295397E-5,""highestVolDivVol"":0.002267631713676669},{""code"":""600381.SH"",""time"":1776147312581,""openTime"":1776148060843,""duration"":748262,""updatedTime"":1776148060843,""firstVol"":49500.0,""highestVol"":87700.0,""firstVolDivLTGB"":8.431836187117817E-5,""firstVolDivVol"":0.004205464197863777,""highestVolDivLTGB"":1.4938828961822879E-4,""highestVolDivVol"":0.0074230811779524165},{""code"":""600381.SH"",""time"":1776148517642,""openTime"":1776148630999,""duration"":113357,""updatedTime"":1776148630999,""firstVol"":48700.0,""highestVol"":48700.0,""firstVolDivLTGB"":8.295564087123993E-5,""firstVolDivVol"":0.003991999279308878,""highestVolDivLTGB"":8.295564087123993E-5,""highestVolDivVol"":0.003991999279308878},{""code"":""600381.SH"",""time"":1776148662709,""openTime"":1776148707334,""duration"":44625,""updatedTime"":1776148707334,""firstVol"":3300.0,""highestVol"":3300.0,""firstVolDivLTGB"":5.621224124745211E-6,""firstVolDivVol"":2.698415073640974E-4,""highestVolDivLTGB"":5.621224124745211E-6,""highestVolDivVol"":2.698415073640974E-4},{""code"":""600381.SH"",""time"":1776148815013,""openTime"":null,""duration"":1184987,""updatedTime"":1776150000000,""firstVol"":55400.0,""highestVol"":295100.0,""firstVolDivLTGB"":9.436842924572263E-5,""firstVolDivVol"":0.004502127661649341,""highestVolDivLTGB"":5.026737088522157E-4,""highestVolDivVol"":0.023816647166500962}]", 14:40:15,900055.0,24,1042132411.9,3.626314969045058,1790535260.05,22,600381,20260414
002980.SZ,华盛昌,79.94,-1.7332513829133334,266460,26646000,63180489,0.42174412420264745, 09:37:27,光通信测试+拟收购伽蓝特+AI眼镜+仪器仪表,涨停,"[{""code"":""002980.SZ"",""time"":1776130647614,""openTime"":1776130662614,""duration"":15000,""updatedTime"":1776130662614,""firstVol"":2537020.0,""highestVol"":2537020.0,""firstVolDivLTGB"":0.025022402616180554,""firstVolDivVol"":0.3741805922596406,""highestVolDivLTGB"":0.025022402616180554,""highestVolDivVol"":0.3741805922596406},{""code"":""002980.SZ"",""time"":1776130902615,""openTime"":1776130917615,""duration"":15000,""updatedTime"":1776130917615,""firstVol"":143918.0,""highestVol"":143918.0,""firstVolDivLTGB"":0.0014194504338615672,""firstVolDivVol"":0.013739314460543028,""highestVolDivLTGB"":0.0014194504338615672,""highestVolDivVol"":0.013739314460543028},{""code"":""002980.SZ"",""time"":1776131122809,""openTime"":1776131137809,""duration"":15000,""updatedTime"":1776131137809,""firstVol"":113300.0,""highestVol"":113300.0,""firstVolDivLTGB"":0.0011174678230417012,""firstVolDivVol"":0.009970059901316646,""highestVolDivLTGB"":0.0011174678230417012,""highestVolDivVol"":0.009970059901316646},{""code"":""002980.SZ"",""time"":1776131168799,""openTime"":1776146316399,""duration"":9721806,""updatedTime"":1776146316399,""firstVol"":146960.0,""highestVol"":2225600.0,""firstVolDivLTGB"":0.0014494534093045755,""firstVolDivVol"":0.012614631255512893,""highestVolDivLTGB"":0.0219508948540301,""highestVolDivVol"":0.18977189513704404},{""code"":""002980.SZ"",""time"":1776146331399,""openTime"":1776146801553,""duration"":470154,""updatedTime"":1776146801553,""firstVol"":7800.0,""highestVol"":714600.0,""firstVolDivLTGB"":7.693070626412418E-5,""firstVolDivVol"":5.502465386670941E-4,""highestVolDivLTGB"":0.0070480362431209155,""highestVolDivVol"":0.05000887367083888},{""code"":""002980.SZ"",""time"":1776146831557,""openTime"":1776146846557,""duration"":15000,""updatedTime"":1776146846557,""firstVol"":28440.0,""highestVol"":28440.0,""firstVolDivLTGB"":2.805011905322682E-4,""firstVolDivVol"":0.001857274101527327,""highestVolDivLTGB"":2.805011905322682E-4,""highestVolDivVol"":0.001857274101527327},{""code"":""002980.SZ"",""time"":1776146861557,""openTime"":1776146936558,""duration"":75001,""updatedTime"":1776146936558,""firstVol"":300.0,""highestVol"":20500.0,""firstVolDivLTGB"":2.95887331785093E-6,""firstVolDivVol"":1.949854423868714E-5,""highestVolDivLTGB"":2.0218967671981357E-4,""highestVolDivVol"":0.001324472162308701},{""code"":""002980.SZ"",""time"":1776146966558,""openTime"":1776146981558,""duration"":15000,""updatedTime"":1776146981558,""firstVol"":4500.0,""highestVol"":4500.0,""firstVolDivLTGB"":4.4383099767763954E-5,""firstVolDivVol"":2.890421426013176E-4,""highestVolDivLTGB"":4.4383099767763954E-5,""highestVolDivVol"":2.890421426013176E-4},{""code"":""002980.SZ"",""time"":1776146996558,""openTime"":1776147026558,""duration"":30000,""updatedTime"":1776147026558,""firstVol"":2720.0,""highestVol"":2720.0,""firstVolDivLTGB"":2.6827118081848433E-5,""firstVolDivVol"":1.7330863515371966E-4,""highestVolDivLTGB"":2.6827118081848433E-5,""highestVolDivVol"":1.7330863515371966E-4},{""code"":""002980.SZ"",""time"":1776147041558,""openTime"":null,""duration"":2958442,""updatedTime"":1776150000000,""firstVol"":17900.0,""highestVol"":561200.0,""firstVolDivLTGB"":1.765461079651055E-4,""firstVolDivVol"":0.0011312614690321282,""highestVolDivLTGB"":0.00553506568659314,""highestVolDivVol"":0.0353261601672491}]", 14:10:41,17090744.4,9,4052396564.46,25.954917822810774,6496551002.16,33,002980,20260414
603813.SH,*ST原尚,37.0,1.36986301369863,241900,24190000,36812000,0.6571226773878083, 09:30:53,退市风险博弈预期+电商物流合作+氢能物流布局,涨停,"[{""code"":""603813.SH"",""time"":1776130253379,""openTime"":null,""duration"":14320827,""updatedTime"":1776150000000,""firstVol"":23000.0,""highestVol"":247400.0,""firstVolDivLTGB"":2.1901633100033328E-4,""firstVolDivVol"":0.05023117259212506,""highestVolDivLTGB"":0.002355853925629672,""highestVolDivVol"":0.45040534660639414}]", 09:30:53,7044128.0,0,1071965440.0,1.5206535912202543,3058036800.0,22,603813,20260414
301219.SZ,腾远钴业,88.7,1.8720569656598252,200774,20077400,132552281,0.15146778198407615, 09:55:48,一季度业绩预增+钴铜涨价+能源金属,涨停,"[{""code"":""301219.SZ"",""time"":1776131748396,""openTime"":1776132388552,""duration"":640156,""updatedTime"":1776132388552,""firstVol"":1.1851753E7,""highestVol"":1.2094316E7,""firstVolDivLTGB"":0.05791361643465929,""firstVolDivVol"":0.6647279113019561,""highestVolDivLTGB"":0.059098901054009716,""highestVolDivVol"":0.6683524062627637},{""code"":""301219.SZ"",""time"":1776133955646,""openTime"":1776143549973,""duration"":4168533,""updatedTime"":1776143549973,""firstVol"":5471512.0,""highestVol"":5471512.0,""firstVolDivLTGB"":0.026736555114305498,""firstVolDivVol"":0.23699269640485704,""highestVolDivLTGB"":0.026736555114305498,""highestVolDivVol"":0.23699269640485704},{""code"":""301219.SZ"",""time"":1776143597103,""openTime"":1776143628787,""duration"":31684,""updatedTime"":1776143628787,""firstVol"":2100.0,""highestVol"":33100.0,""firstVolDivLTGB"":1.0261654500628262E-5,""firstVolDivVol"":7.669338164967683E-5,""highestVolDivLTGB"":1.6174322093847403E-4,""highestVolDivVol"":0.0012063050173942989},{""code"":""301219.SZ"",""time"":1776143679676,""openTime"":1776143713858,""duration"":34182,""updatedTime"":1776143713858,""firstVol"":13600.0,""highestVol"":13600.0,""firstVolDivLTGB"":6.64564291469259E-5,""firstVolDivVol"":4.899071384621304E-4,""highestVolDivLTGB"":6.64564291469259E-5,""highestVolDivVol"":4.899071384621304E-4},{""code"":""301219.SZ"",""time"":1776144673963,""openTime"":1776144703963,""duration"":30000,""updatedTime"":1776144703963,""firstVol"":48177.0,""highestVol"":48177.0,""firstVolDivLTGB"":2.354170137508418E-4,""firstVolDivVol"":0.001624195205493884,""highestVolDivLTGB"":2.354170137508418E-4,""highestVolDivVol"":0.001624195205493884},{""code"":""301219.SZ"",""time"":1776149565581,""openTime"":null,""duration"":434419,""updatedTime"":1776150000000,""firstVol"":415494.0,""highestVol"":415494.0,""firstVolDivLTGB"":0.0020303123214685903,""firstVolDivVol"":0.011592376040347073,""highestVolDivLTGB"":0.0020303123214685903,""highestVolDivVol"":0.011592376040347073}]", 14:52:45,16467483.479999999,5,10871938087.62,27.314901506674186,17258341481.16,33,301219,20260414
002990.SZ,盛视科技,53.83,9.991826726604007,170200,17020000,82821888,0.2055012317516838, 09:40:57,存储芯片+人形机器人+智慧口岸,涨停,"[{""code"":""002990.SZ"",""time"":1776130857614,""openTime"":1776130932616,""duration"":75002,""updatedTime"":1776130932616,""firstVol"":7144800.0,""highestVol"":7144800.0,""firstVolDivLTGB"":0.05328147452766981,""firstVolDivVol"":1.1018784121402794,""highestVolDivLTGB"":0.05328147452766981,""highestVolDivVol"":1.1018784121402794},{""code"":""002990.SZ"",""time"":1776143177541,""openTime"":1776143970366,""duration"":792825,""updatedTime"":1776143970366,""firstVol"":6389400.0,""highestVol"":6389400.0,""firstVolDivLTGB"":0.047648171166035924,""firstVolDivVol"":0.3133737831102645,""highestVolDivLTGB"":0.047648171166035924,""highestVolDivVol"":0.3133737831102645},{""code"":""002990.SZ"",""time"":1776144047536,""openTime"":1776144062536,""duration"":15000,""updatedTime"":1776144062536,""firstVol"":44700.0,""highestVol"":44700.0,""firstVolDivLTGB"":3.333447978091536E-4,""firstVolDivVol"":0.0020281505481178947,""highestVolDivLTGB"":3.333447978091536E-4,""highestVolDivVol"":0.0020281505481178947},{""code"":""002990.SZ"",""time"":1776147252581,""openTime"":1776147470263,""duration"":217682,""updatedTime"":1776147470263,""firstVol"":2136400.0,""highestVol"":2136400.0,""firstVolDivLTGB"":0.01593194241699051,""firstVolDivVol"":0.08501330511547389,""highestVolDivLTGB"":0.01593194241699051,""highestVolDivVol"":0.08501330511547389},{""code"":""002990.SZ"",""time"":1776147485264,""openTime"":1776147579187,""duration"":93923,""updatedTime"":1776147579187,""firstVol"":86800.0,""highestVol"":86800.0,""firstVolDivLTGB"":6.473004127479761E-4,""firstVolDivVol"":0.003386156331815857,""highestVolDivLTGB"":6.473004127479761E-4,""highestVolDivVol"":0.003386156331815857},{""code"":""002990.SZ"",""time"":1776147594187,""openTime"":1776147619805,""duration"":25618,""updatedTime"":1776147619805,""firstVol"":2800.0,""highestVol"":2800.0,""firstVolDivLTGB"":2.0880658475741164E-5,""firstVolDivVol"":1.0857180613542378E-4,""highestVolDivLTGB"":2.0880658475741164E-5,""highestVolDivVol"":1.0857180613542378E-4},{""code"":""002990.SZ"",""time"":1776147766666,""openTime"":1776148736209,""duration"":969543,""updatedTime"":1776148736209,""firstVol"":139000.0,""highestVol"":548919.0,""firstVolDivLTGB"":0.0010365755457600078,""firstVolDivVol"":0.005353425445116143,""highestVolDivLTGB"":0.004093496489230487,""highestVolDivVol"":0.021074849214846026},{""code"":""002990.SZ"",""time"":1776148773683,""openTime"":1776149667168,""duration"":893485,""updatedTime"":1776149667168,""firstVol"":10400.0,""highestVol"":99100.0,""firstVolDivLTGB"":7.755673148132432E-5,""firstVolDivVol"":3.891140262735777E-4,""highestVolDivLTGB"":7.390261624806962E-4,""highestVolDivVol"":0.0036750684690102352},{""code"":""002990.SZ"",""time"":1776149739701,""openTime"":null,""duration"":260299,""updatedTime"":1776150000000,""firstVol"":400.0,""highestVol"":170200.0,""firstVolDivLTGB"":2.9829512108201662E-6,""firstVolDivVol"":1.4680039007799652E-5,""highestVolDivLTGB"":0.0012692457402039808,""highestVolDivVol"":0.006235874937219907}]", 14:55:39,6515256.0,8,3170421872.64,32.95467497674045,5133171452.64,33,002990,20260414
603061.SH,金海通,254.85,0.8867424092474488,137600,13760000,37414247,0.36777434007959586, 11:21:55,先进封装+封测设备+年报增长,涨停,"[{""code"":""603061.SH"",""time"":1776136915279,""openTime"":null,""duration"":7658927,""updatedTime"":1776150000000,""firstVol"":1143900.0,""highestVol"":1143900.0,""firstVolDivLTGB"":0.019065,""firstVolDivVol"":0.5449756144970469,""highestVolDivLTGB"":0.019065,""highestVolDivVol"":0.5449756144970469}]", 11:21:55,46528064.0,0,12651253480.58,6.600688769708501,20288400000.0,17,603061,20260414
603389.SH,*ST亚振,61.82,4.993206521739126,113080,11308000,103877487,0.10885900618677848, 14:41:03,ST板块+锆钛选矿+世博家具,涨停,"[{""code"":""603389.SH"",""time"":1776148863025,""openTime"":null,""duration"":1136975,""updatedTime"":1776150000000,""firstVol"":168280.0,""highestVol"":193980.0,""firstVolDivLTGB"":6.404518329070759E-4,""firstVolDivVol"":0.05016881442338508,""highestVolDivLTGB"":7.382626963829009E-4,""highestVolDivVol"":0.05746406274300695}]", 14:41:03,5513780.8,0,5065066266.12,3.2913532072642457,12811787520.0,22,603389,20260414
