股票代码,股票简称,最新价,chg_pct,分时买二量[20260417 09:15],{(}分时买二量[20260417 09:15]{*}100.0{)},自由流通股[20260417],yedan_pct,分时买一量[20260430 09:25],{(}分时买一量[20260430 09:25]{*}100.0{)},自由流通股[20260430],open_seal_pct,分时涨跌幅:前复权[20260430 09:25],涨停次数[20260428-20260430],涨停次数排名[20260428-20260430],区间成交额[20260428-20260430],区间振幅[20260428-20260430],分时买三量[20260417 09:15],分时买四量[20260417 09:15],分时买五量[20260417 09:15],分时成交量[20260430 09:25],分时成交额[20260430 09:25],分时换手率[20260430 09:25],分时收盘价:不复权[20260430 09:25],分时买三量[20260430 09:25],分时买四量[20260430 09:25],分时买五量[20260430 09:25],market_code,code,date
000609.SZ,*ST中迪,14.42,5.0254916241806225,2875500.0,287550000,219913472,1.307559729674042,20979400,2097940000.0,219913472,9.539843016074977,5.0254916241806225,3,1/248,88377793.1,10.75441412520064,0.0,0.0,0.0,684900,9876258.0,0.23531370377956481,14.42,1300.0,1100.0,83800.0,33,000609,20260417
002081.SZ,金螳螂,5.9,10.074626865671641,19200.0,1920000,1338068052,0.0014349045978118906,66100.0,6610000.0,1338068052,0.004939958016425311,-3.5447761194029925,3,1/248,7071170170.0,33.86004514672686,0.0,0.0,0.0,12689900,65606783.0,0.4799066596050272,5.17,14500.0,83200.0,42700.0,33,002081,20260417
603095.SH,越剑智能,25.37,10.017346053772776,300.0,30000,79177144,0.00037889722316834264,2786176.0,278617600.0,79177144,3.518914498860934,10.01734605377278,3,1/248,779744264.0,33.175853018372706,0.0,0.0,0.0,1271024,32245879.0,0.4921314659277994,25.37,400.0,400.0,400.0,17,603095,20260417
603399.SH,永杉锂业,19.39,9.98298355076575,126000.0,12600000,383610176,0.032845844005973394,24025756,2402575600.0,383610176,6.263065346837932,9.982983550765745,3,1/248,2081306811.0,27.522306108442002,0.0,0.0,0.0,2918044,56580873.0,0.5696071176969697,19.39,2100.0,1100.0,200.0,17,603399,20260417
001266.SZ,宏英智能,40.59,2.7074898785425106,1600.0,160000,36043042,0.0044391369629677765,6100.0,610000.0,36043042,0.016924209671314645,6.022267206477716,2,9/248,851171105.2,23.02510716472751,0.0,0.0,0.0,733900,30750410.0,1.262330426057417,41.9,200.0,100.0,400.0,33,001266,20260417
002210.SZ,飞马国际,2.98,-9.969788519637465,160692.0,16069200,1859594992,0.008641236435422708,112200.0,11220000.0,1859594992,0.006033571852079929,1.5105740181268867,2,9/248,2404508812.0,20.437956204379564,0.0,0.0,0.0,21728700,73008432.0,0.8183242232298049,3.36,53000.0,57400.0,1253700.0,33,002210,20260417
002652.SZ,扬子新材,5.93,-4.045307443365696,22100.0,2210000,358464000,0.006165193715407963,6700.0,670000.0,358464000,0.001869085877521871,3.721682847896446,2,9/248,1246104597.0,28.96281800391388,0.0,0.0,0.0,3094900,19838309.0,0.6043971066116736,6.41,1600.0,23800.0,27700.0,33,002652,20260417
600156.SH,华升股份,10.8,-3.3124440465532605,3178000.0,317800000,240006390,1.324131411667831,100.0,10000.0,240006390,4.166555732120299e-05,5.819158460161145,2,9/248,1919868203.0,33.477789815817985,0.0,0.0,0.0,2472200,29221404.0,0.614805820313631,11.82,800.0,400.0,400.0,17,600156,20260417
600243.SH,*ST海华,4.16,3.740648379052378,1800.0,180000,395616125,0.00045498650996594236,13500.0,1350000.0,395616125,0.003412398824744568,1.2468827930174564,2,9/248,160713541.0,10.439560439560449,0.0,0.0,0.0,3828500,15543710.0,0.8723937564087957,4.06,84400.0,205900.0,100.0,22,600243,20260417
603629.SH,利通电子,144.41,9.993144946302083,31300.0,3130000,139932820,0.022367876242328284,300.0,30000.0,139932820,0.0002143885901820602,8.401249143118283,2,9/248,8981480700.0,23.10599078341013,0.0,0.0,0.0,1648700,234642980.0,0.6418871568062542,142.32,1000.0,100.0,4200.0,17,603629,20260417
002634.SZ,*ST棒杰,5.31,4.940711462450594,17620.0,1762000,334905233,0.00526118981246256,800.0,80000.0,334905233,0.00023887354426617752,1.976284584980248,2,9/248,430097850.0,11.881188118811876,0.0,0.0,0.0,1530800,7898928.0,0.3461506354538077,5.16,18000.0,6000.0,256700.0,33,002634,20260417
002805.SZ,丰元股份,22.85,10.014443909484843,27100.0,2710000,194198691,0.013954779952661988,7100.0,710000.0,194198691,0.0036560493602915173,9.19595570534424,2,9/248,1282484502.0,24.346405228758183,0.0,0.0,0.0,3078200,69813576.0,1.1040282944569064,22.68,5200.0,100.0,100.0,33,002805,20260417
300632.SZ,光莆股份,24.47,20.009808729769485,800.0,80000,191668694,0.0004173868894833707,5300.0,530000.0,191668694,0.002765188142827331,20.009808729769496,2,9/248,1418907303.0,43.068181818181806,0.0,0.0,0.0,6495900,158954670.0,2.9367226262292303,24.47,100.0,1200.0,100.0,33,300632,20260417
600730.SH,*ST高科,8.97,5.0351288056206265,11200.0,1120000,469173018,0.0023871790512897738,13490800,1349080000.0,469173018,2.8754424236732214,5.035128805620626,2,9/248,496521399.0,13.15468940316688,0.0,0.0,0.0,349500,3135015.0,0.059574946614114756,8.97,1000.0,55900.0,3000.0,22,600730,20260417
603272.SH,*ST联翔,26.8,5.015673981191227,700.0,70000,45163500,0.0015499241644248121,3331500.0,333150000.0,45163500,7.37653193397323,5.0156739811912265,2,9/248,144448209.0,10.2880658436214,0.0,0.0,0.0,44300,1187240.0,0.04274947648778793,26.8,500.0,800.0,1700.0,22,603272,20260417
603937.SH,丽岛新材,15.25,10.028860028860034,1800.0,180000,77155124,0.002332962357756045,700.0,70000.0,77155124,0.0009072631391273508,2.020202020202033,2,9/248,714244432.0,23.73696872493986,0.0,0.0,0.0,587100,8301594.0,0.2810563133161207,14.14,300.0,1500.0,100.0,17,603937,20260417
605099.SH,共创草坪,48.42,9.995456610631528,1000.0,100000,51141822,0.0019553468392268076,4100.0,410000.0,51141822,0.00801692204082991,1.9990913221263007,2,9/248,753988306.0,23.698113207547173,0.0,0.0,0.0,203300,9128170.0,0.05064105623822063,44.9,22000.0,5200.0,1600.0,17,605099,20260417
000752.SZ,*ST西发,10.0,-1.1857707509881346,21500.0,2150000,214073042,0.010043301014987212,70100.0,7010000.0,214073042,0.03274583261165598,-3.162055335968361,1,38/248,233177949.2,13.116370808678502,0.0,0.0,0.0,339300,3325140.0,0.1286404083954211,9.8,300.0,13900.0,1200.0,33,000752,20260417
000889.SZ,中嘉博创,4.42,-8.108108108108103,44500.0,4450000,643753128,0.006912587770757986,62099.0,6209900.0,643753128,0.009646399729804498,-2.494802494802484,1,38/248,3121807235.0,13.677130044843056,0.0,0.0,0.0,2860601,13416218.7,0.3288632480338058,4.69,168800.0,922400.0,47900.0,33,000889,20260417
000908.SZ,ST景峰,7.12,-3.3921302578018997,3700.0,370000,654409176,0.0005653954950044893,55450.0,5545000.0,654409176,0.008473291945405118,-1.4925373134328401,1,38/248,517337452.0,10.845070422535217,0.0,0.0,0.0,612250,4444935.0,0.06959172411511326,7.26,4000.0,21500.0,77600.0,33,000908,20260417
000967.SZ,盈峰环境,13.57,-3.8270729978738425,2870723.0,287072300,1371479544,0.2093157723393649,19098.0,1909800.0,1425547621,0.0013396956873740241,0.850460666194186,1,38/248,9744670810.0,14.817688130333591,0.0,0.0,0.0,3545402,50451070.0,0.1101229877209602,14.23,2100.0,53300.0,1000.0,33,000967,20260417
002218.SZ,拓日新能,5.46,-2.6737967914438565,6400.0,640000,861504437,0.0007428864815005009,195500.0,19550000.0,861504437,0.022692860489585614,-1.0695187165775444,1,38/248,1795692916.0,6.16570327552987,0.0,0.0,0.0,1006800,5587740.0,0.07255286237548064,5.55,60200.0,97400.0,69100.0,33,002218,20260417
002313.SZ,日海智能,9.61,-3.7074148296593283,6000.0,600000,311973675,0.001923239196384118,14900.0,1490000.0,311973675,0.004776044004353893,-3.006012024048099,1,38/248,1220738484.0,12.065217391304342,0.0,0.0,0.0,768600,7440048.0,0.2053028968983997,9.68,17500.0,4700.0,1300.0,33,002313,20260417
002412.SZ,汉森制药,6.99,-0.28530670470755454,6300.0,630000,278743811,0.002260139867284802,72821.0,7282100.0,278743811,0.02612470559929311,-0.28530670470755526,1,38/248,750609849.0,5.084745762711865,0.0,0.0,0.0,720779,5038245.2,0.14477980094206028,6.99,34700.0,13800.0,31100.0,33,002412,20260417
002923.SZ,润都股份,13.22,-0.45180722891565306,4800.0,480000,148104023,0.003240965304500878,13000.0,1300000.0,148104023,0.008777614366356544,-1.0542168674698704,1,38/248,789872398.0,6.937799043062196,0.0,0.0,0.0,362700,4765878.0,0.14053518596344636,13.14,6000.0,2000.0,200.0,33,002923,20260417
300187.SZ,永清环保,5.62,-3.436426116838491,16600.0,1660000,315689956,0.0052583237713144096,39400.0,3940000.0,315689956,0.012480599794565526,0.1718213058419238,1,38/248,1181287859.0,11.328125000000002,0.0,0.0,0.0,853500,4975905.0,0.1329694644839978,5.83,8900.0,12100.0,2000.0,33,300187,20260417
300905.SZ,宝丽迪,68.12,0.029368575624097257,476200.0,47620000,86805009,0.5485858540720847,4400.0,440000.0,86805009,0.005068831914987763,0.9985315712188081,1,38/248,3714162995.0,14.145031333930156,0.0,0.0,0.0,455700,31343046.0,0.32632459661585855,68.78,200.0,2600.0,100.0,33,300905,20260417
600152.SH,维科技术,14.85,2.4137931034482736,24500.0,2450000,347032858,0.007059850223173968,246700.0,24670000.0,347032858,0.07108836939008237,-2.4827586206896513,1,38/248,6152135390.0,12.903225806451612,0.0,0.0,0.0,3969300,56125902.0,0.7502276950410324,14.14,4900.0,53800.0,81900.0,17,600152,20260417
600238.SH,*ST椰岛,5.64,2.5454545454545396,100.0,10000,362235725,2.7606332865152935e-05,1775000.0,177500000.0,362235725,0.4900124083564646,5.0909090909091015,1,38/248,296537145.0,10.707456978967505,0.0,0.0,0.0,2216600,12811948.0,0.49780855090729126,5.78,37000.0,41300.0,2000.0,22,600238,20260417
600320.SH,振华重工,5.42,0.9310986964618216,14000.0,1400000,1803232242,0.0007763836334510261,137400.0,13740000.0,1803232242,0.007619650802583642,-0.7448789571694592,1,38/248,2592741655.0,9.34959349593496,0.0,0.0,0.0,871100,4642963.0,0.02622217379098871,5.33,185100.0,228300.0,22100.0,17,600320,20260417
600488.SH,津药药业,5.7,-2.730375426621163,23600.0,2360000,479150231,0.004925386334625392,37800.0,3780000.0,479150231,0.007888966247832196,0.17064846416381396,1,38/248,2100300024.0,13.167259786476857,0.0,0.0,0.0,1994100,11705367.0,0.1826288420333143,5.87,25400.0,308800.0,61000.0,17,600488,20260417
600623.SH,华谊集团,10.88,0.18416206261511373,8400.0,840000,649844001,0.001292617918619518,176300.0,17630000.0,649844001,0.027129587982454885,0.0,1,38/248,1338537921.0,11.597151576805704,0.0,0.0,0.0,259700,2820342.0,0.01384302728685141,10.86,3000.0,200.0,90400.0,17,600623,20260417
601101.SH,昊华能源,11.69,6.855575868372943,4300.0,430000,528384382,0.0008138014949881694,18556.0,1855600.0,528384382,0.003511837335116389,-1.7367458866544783,1,38/248,2356641171.0,21.03134479271992,0.0,0.0,0.0,645044,6934223.0,0.04479478673915812,10.75,2100.0,11600.0,23400.0,17,601101,20260417
601828.SH,美凯龙,2.67,2.692307692307686,146100.0,14610000,1483764359,0.009846576992755492,551100.0,55110000.0,1483327199,0.03715296263504975,0.38461538461538325,1,38/248,698923642.0,7.755102040816324,0.0,0.0,0.0,2893400,7551774.0,0.08009628520219728,2.61,134600.0,80900.0,579200.0,17,601828,20260417
603215.SH,比依股份,18.29,-8.550000000000004,1900.0,190000,71032530,0.002674830813431536,627100.0,62710000.0,71032530,0.8828349490015349,-9.999999999999998,1,38/248,932390145.0,20.891089108910887,0.0,0.0,0.0,1512300,27221400.0,0.807730110146763,18.0,0.0,0.0,0.0,17,603215,20260417
603283.SH,赛腾股份,53.83,0.05576208178438873,2200.0,220000,172740815,0.0012735843581610981,300.0,30000.0,172740815,0.0001736705942946952,0.33457249070631967,1,38/248,3014576871.0,5.533199195171026,0.0,0.0,0.0,106500,5748870.0,0.03927367190058349,53.98,800.0,200.0,900.0,17,603283,20260417
603338.SH,浙江鼎力,55.12,-4.965517241379314,11500.0,1150000,221194099,0.0051990537053160715,13300.0,1330000.0,221194099,0.006012818633104674,-0.5000000000000004,1,38/248,2274383170.0,9.104938271604937,0.0,0.0,0.0,90800,5240068.0,0.017932335409269088,57.71,300.0,300.0,3700.0,17,603338,20260417
603779.SH,威龙股份,7.45,7.194244604316546,2200.0,220000,221582560,0.0009928579216703698,92900.0,9290000.0,221582560,0.04192568223780788,2.0143884892086295,1,38/248,758538296.0,18.43750000000001,0.0,0.0,0.0,529600,3754864.0,0.15947832087660896,7.09,11200.0,900.0,7800.0,17,603779,20260417
603813.SH,*ST原尚,37.0,1.36986301369863,9600.0,960000,36812000,0.02607845267847441,4500.0,450000.0,36812000,0.01222427469303488,-2.73972602739726,1,38/248,159982380.0,9.802800800228635,0.0,0.0,0.0,24000,852000.0,0.022853878017426082,35.5,3300.0,600.0,28900.0,22,603813,20260417
603931.SH,格林达,38.82,-0.9441183975503891,500.0,50000,103967115,0.000480921299008826,1500.0,150000.0,103967115,0.001442763897026478,-2.2965042102577105,1,38/248,2173270778.0,17.7835799245721,0.0,0.0,0.0,347100,13290459.0,0.17393406380629067,38.29,200.0,100.0,1000.0,17,603931,20260417
605289.SH,罗曼股份,150.05,-2.2602918186555487,2900.0,290000,54404000,0.005330490405117271,200.0,20000.0,54404000,0.00036762002793912213,0.0,1,38/248,3851209398.0,11.033804202684651,0.0,0.0,0.0,79700,12235544.0,0.07356640129225799,153.52,200.0,4500.0,9500.0,17,605289,20260417
000039.SZ,中集集团,12.39,-0.3218020917135893,4100.0,410000,2026388546,0.00020233039749919707,500.0,50000.0,2026388546,2.4674438719414277e-05,0.7240547063555924,1,38/248,2401000786.0,14.068100358422942,0.0,0.0,0.0,636000,7962720.0,0.0276352666448948,12.52,5300.0,1000.0,55700.0,33,000039,20260417
000692.SZ,惠天热电,5.0,0.8064516129032265,13800.0,1380000,373036368,0.0036993712098333533,2400.0,240000.0,373036368,0.0006433689060579745,4.0322580645161255,1,38/248,508772494.29999995,18.243243243243253,0.0,0.0,0.0,2578700,13306092.0,0.4839602870224759,5.16,300.0,200.0,10000.0,33,000692,20260417
000818.SZ,航锦科技,15.32,-0.6485084306095956,20100.0,2010000,479879239,0.004188553779047733,75543.0,7554300.0,479879239,0.01574208547913447,3.761348897535677,1,38/248,2705812127.0,18.31085876508162,0.0,0.0,0.0,2656357,42501712.0,0.403571989577653,16.0,2700.0,7700.0,3600.0,33,000818,20260417
000820.SZ,*ST节能,3.75,-3.1007751937984525,100.0,10000,296966877,3.367378914787187e-05,2620644.0,262064400.0,296966877,0.8824701348763553,4.909560723514206,1,38/248,191180348.7,11.51685393258426,0.0,0.0,0.0,860156,3492233.4,0.28964711778276875,4.06,114100.0,4400.0,10000.0,33,000820,20260417
000973.SZ,佛塑科技,20.99,-1.4091122592766592,500.0,50000,708662659,7.055543193224747e-05,3500.0,350000.0,708662659,0.0004938880235257323,3.804603100046977,1,38/248,5746980050.0,20.03042596348884,0.0,0.0,0.0,1834700,40546870.0,0.18964813485948642,22.1,200.0,400.0,3900.0,33,000973,20260417
002174.SZ,游族网络,10.24,0.5893909626719106,1600.0,160000,798311452,0.00020042302988282823,9500.0,950000.0,798311452,0.0011900117399292927,-0.09823182711198308,1,38/248,1160689331.0,12.205567451820116,0.0,0.0,0.0,1720200,17494434.0,0.17566342777767274,10.17,700.0,16400.0,1200.0,33,002174,20260417
002199.SZ,*ST东晶,10.56,3.225806451612904,24300.0,2430000,152245658,0.015961046324224234,60300.0,6030000.0,152245658,0.03960704087863051,2.639296187683282,1,38/248,265836320.10000002,11.220472440944887,0.0,0.0,0.0,238500,2504250.0,0.10327711358853878,10.5,200.0,1000.0,73800.0,33,002199,20260417
002354.SZ,天娱数科,6.2,4.201680672268908,3400.0,340000,1625693779,0.0002091414781750235,11600.0,1160000.0,1625693779,0.0007135415137736096,3.529411764705892,1,38/248,1983005547.0,18.78354203935599,0.0,0.0,0.0,7912500,48741000.0,0.486715278252904,6.16,6800.0,13800.0,13700.0,33,002354,20260417
002497.SZ,雅化集团,30.67,1.2879788639365937,10200.0,1020000,987271505,0.0010331504503414185,6800.0,680000.0,988307780,0.0006880447708303986,0.26420079260236484,1,38/248,6833283820.0,13.841905419399383,0.0,0.0,0.0,640100,19433436.0,0.060410294622026135,30.36,600.0,8300.0,80000.0,33,002497,20260417
002520.SZ,日发精机,5.93,3.130434782608691,64600.0,6460000,539025573,0.011984589087390108,200.0,20000.0,539025573,3.710399098263191e-05,3.4782608695652195,1,38/248,762399824.6,14.471243042671619,0.0,0.0,0.0,2127100,12656245.0,0.29648465279483216,5.95,20200.0,3500.0,20500.0,33,002520,20260417
002522.SZ,浙江众成,6.35,-1.397515527950322,133000.0,13300000,678575032,0.019599895918363232,3800.0,380000.0,678575032,0.0005599970262389495,0.46583850931676274,1,38/248,1064476773.0,11.12929623567921,0.0,0.0,0.0,1359700,8797259.0,0.15023979379352395,6.47,137700.0,1600.0,3500.0,33,002522,20260417
002548.SZ,金新农,5.39,6.102362204724401,5100.0,510000,553771985,0.0009209566641403863,11400.0,1140000.0,553771985,0.002058609013960863,0.3937007874015741,1,38/248,781570954.0,18.750000000000007,0.0,0.0,0.0,1278500,6520350.0,0.15892421455749983,5.1,3000.0,3600.0,8900.0,33,002548,20260417
002568.SZ,百润股份,19.06,4.381161007667016,200.0,20000,497834325,4.017400768820029e-05,600.0,60000.0,497834325,0.00012052202306460086,3.9978094194961455,1,38/248,1140984521.1,17.237308146399062,0.0,0.0,0.0,908000,17242920.0,0.11899124968883887,18.99,100.0,600.0,2200.0,33,002568,20260417
002627.SZ,三峡旅游,7.49,-0.9259259259259179,2000.0,200000,477435181,0.00041890503247183204,66200.0,6620000.0,477435800,0.013865738597733978,0.1322751322751392,1,38/248,819872759.0,13.911845730027544,0.0,0.0,0.0,402200,3044654.0,0.05608851936424893,7.57,300.0,1400.0,8400.0,33,002627,20260417
002655.SZ,共达电声,31.52,2.671009771986972,18800.0,1880000,316206885,0.005945474590156378,117100.0,11710000.0,314787985,0.03719964089480734,0.03257328990229347,1,38/248,6333452850.0,25.057915057915054,0.0,0.0,0.0,1918600,58920206.0,0.5284149012671657,30.71,9300.0,63300.0,100.0,33,002655,20260417
002709.SZ,天赐材料,60.51,2.0060687795010077,22000.0,2200000,1283480092,0.0017140896954403247,2400.0,240000.0,1283480092,0.0001869916031389445,0.45515846257586645,1,38/248,30134481830.0,13.719068413391556,0.0,0.0,0.0,3499000,208505410.0,0.23187372099633421,59.59,40500.0,800.0,100.0,33,002709,20260417
002756.SZ,永兴材料,87.24,4.105011933174222,8100.0,810000,338940389,0.002389800762280945,500.0,50000.0,338940389,0.00014751856557289783,2.3269689737470234,1,38/248,6317078130.0,20.03441494591937,0.0,0.0,0.0,369500,31684625.0,0.09545881096851241,85.75,700.0,100.0,100.0,33,002756,20260417
002786.SZ,银宝山新,7.84,0.9009009009009046,9400.0,940000,308698400,0.0030450433173608935,1300.0,130000.0,308698400,0.0004211230119754427,1.4157014157014203,1,38/248,573532612.0,16.525423728813557,0.0,0.0,0.0,935900,7374892.0,0.18941049802473933,7.88,2000.0,4000.0,31600.0,33,002786,20260417
002818.SZ,富森美,12.15,-0.6541291905151273,1600.0,160000,148431824,0.0010779359552975647,16000.0,1600000.0,148431824,0.010779359552975648,1.4717906786590351,1,38/248,667494055.7,15.384615384615383,0.0,0.0,0.0,785900,9753019.0,0.2634287965906877,12.41,13000.0,70600.0,1700.0,33,002818,20260417
002847.SZ,盐津铺子,58.72,-1.5095605501509537,1800.0,180000,98602779,0.001825506358193008,3000.0,300000.0,98602779,0.0030425105969883464,2.314659510231465,1,38/248,814580878.0,13.392533526640088,0.0,0.0,0.0,133900,8167900.0,0.05491289740000431,61.0,300.0,1500.0,21100.0,33,002847,20260417
002867.SZ,周大生,13.26,-0.8968609865470926,2700.0,270000,391244912,0.0006901048210947724,3850.0,385000.0,391244912,0.000984038356005509,1.195814648729443,1,38/248,1263898807.0,15.245901639344272,0.0,0.0,0.0,758050,10263997.0,0.07024856316783235,13.54,10300.0,40000.0,1800.0,33,002867,20260417
002875.SZ,安奈儿,25.32,2.8014616321559127,6100.0,610000,134708451,0.004528297931359926,1400.0,140000.0,134711817,0.0010392555242573858,2.111246447421844,1,38/248,933637314.0,20.351648351648347,0.0,0.0,0.0,311500,7834225.0,0.17074295885225696,25.15,1700.0,1500.0,2800.0,33,002875,20260417
002956.SZ,西麦食品,33.15,1.9686250384497097,100.0,10000,99708688,0.00010029216310618789,14180.0,1418000.0,99708688,0.014221428728457443,5.013841894801607,1,38/248,832526158.0,19.81891348088531,0.0,0.0,0.0,265820,9075094.8,0.11908201697090318,34.14,3800.0,2000.0,2500.0,33,002956,20260417
002969.SZ,嘉美包装,22.6,-0.5281690140844958,7000.0,700000,539138442,0.001298367813289782,1900.0,190000.0,539138442,0.0003524141207500837,0.5281690140845008,1,38/248,4422723100.0,12.816966343937302,0.0,0.0,0.0,1246600,28472344.0,0.1141273091066904,22.84,8500.0,3800.0,4900.0,33,002969,20260417
300438.SZ,鹏辉能源,86.1,6.29629629629629,4200.0,420000,344721386,0.0012183752359361888,3100.0,310000.0,344721386,0.0008992769598576631,2.4691358024691468,1,38/248,13877931100.0,30.228191796649327,0.0,0.0,0.0,1245000,103335000.0,0.3080430881665488,83.0,400.0,6600.0,5600.0,33,300438,20260417
300769.SZ,德方纳米,71.95,12.9158819836786,200.0,20000,221580288,9.0260736550717e-05,42000.0,4200000.0,221580288,0.01895475467565057,9.761456371625865,1,38/248,10767878720.0,43.29384791746275,0.0,0.0,0.0,1600000,111904000.0,0.635532264110145,69.94,700.0,800.0,4700.0,33,300769,20260417
300982.SZ,苏文电能,23.15,-2.608329827513677,9900.0,990000,82502706,0.011999606412909657,300.0,30000.0,82502706,0.0003636244367548381,-1.6407236011779625,1,38/248,1012515921.0,22.808716707021798,0.0,0.0,0.0,323300,7558754.0,0.16673788483714969,23.38,9400.0,24500.0,1000.0,33,300982,20260417
600367.SH,红星发展,23.47,1.0766580534022394,21700.0,2170000,216905846,0.010004340777426533,1200.0,120000.0,216905846,0.0005532354346963981,0.7751937984496138,1,38/248,2475849732.0,13.870967741935491,0.0,0.0,0.0,631900,14786460.0,0.19625858156099474,23.4,500.0,200.0,1500.0,17,600367,20260417
600392.SH,盛和资源,26.03,-0.6109201985490651,3570.0,357000,1292883760,0.0002761269118269379,174201.0,17420100.0,1292883760,0.013473833100046056,0.0,1,38/248,6472286750.0,11.77924217462932,0.0,0.0,0.0,1835899,48082195.0,0.10473934109750516,26.19,600.0,1400.0,200.0,17,600392,20260417
600397.SH,江钨装备,14.35,-1.1707988980716248,100.0,10000,600473792,1.665351616211753e-05,100.0,10000.0,600473792,1.665351616211753e-05,1.2396694214876103,1,38/248,2018326811.0,14.210526315789476,0.0,0.0,0.0,610500,8974350.0,0.06166916570059553,14.7,15200.0,5000.0,200.0,17,600397,20260417
600423.SH,*ST柳化,3.09,0.6514657980456032,100000.0,10000000,574416425,0.017408972941538012,67400.0,6740000.0,574416425,0.011733647762596621,0.32573289902280145,1,38/248,406362111.0,11.864406779661019,0.0,0.0,0.0,932200,2871176.0,0.11671538818372458,3.08,19800.0,12900.0,10100.0,22,600423,20260417
600545.SH,卓郎智能,4.89,-9.94475138121547,53200.0,5320000,964976549,0.005513087344467684,6200.0,620000.0,964976549,0.0006425026604454819,-3.4990791896869156,1,38/248,2634852515.0,13.939393939393947,0.0,0.0,0.0,6628600,34733864.0,0.3707452702898968,5.24,154900.0,152300.0,7900.0,17,600545,20260417
600606.SH,绿地控股,1.57,6.80272108843538,1605400.0,160540000,3898852311,0.04117621987041201,342100.0,34210000.0,3898852311,0.008774376988705587,0.0,1,38/248,926486737.0,24.242424242424246,0.0,0.0,0.0,10105600,14855232.0,0.07190439037035155,1.47,562400.0,307200.0,837200.0,17,600606,20260417
600608.SH,*ST沪科,2.07,0.0,14600.0,1460000,258099759,0.005656727482647514,,,258099759,,,1,38/248,25951601.0,9.661835748792258,0.0,0.0,0.0,0,0.0,0.0,,,,,22,600608,20260417
600654.SH,中安科,3.92,-3.4482758620689578,20500.0,2050000,1779876245,0.0011517654700762636,30500.0,3050000.0,1779876245,0.0017136022847476118,0.0,1,38/248,2353800860.0,10.31746031746031,0.0,0.0,0.0,10005100,40620706.0,0.4317322261954629,4.06,68200.0,24900.0,147900.0,17,600654,20260417
600708.SH,光明地产,3.8,1.6042780748662997,5917.0,591700,1055736866,0.0005604616254823482,400.0,40000.0,1055736866,3.7888228864786084e-05,0.0,1,38/248,601011655.0,16.519174041297934,0.0,0.0,0.0,859700,3215278.0,0.03863337922140238,3.74,34600.0,26500.0,12800.0,17,600708,20260417
600881.SH,亚泰集团,1.56,-1.2658227848101276,186700.0,18670000,2736054000,0.006823695731151505,232500.0,23250000.0,2736054000,0.008497639300978709,1.8987341772152,1,38/248,410143030.0,15.54054054054054,0.0,0.0,0.0,3251200,5234432.0,0.10058936021462869,1.61,159600.0,376100.0,298000.0,17,600881,20260417
603017.SH,中衡设计,15.4,0.7194244604316626,3700.0,370000,154984571,0.0023873344140817733,1200.0,120000.0,154984571,0.0007742706207832778,-0.4578155657292249,1,38/248,1489766645.0,14.314381270903004,0.0,0.0,0.0,1066500,16232130.0,0.3861468078459948,15.22,1100.0,1200.0,700.0,17,603017,20260417
603139.SH,康惠股份,36.3,-1.3050570962479717,400.0,40000,50530963,0.0007915938589969085,100.0,10000.0,50530963,0.00019789846474922712,-0.5165851005981437,1,38/248,591365991.0,12.518718179095536,0.0,0.0,0.0,56600,2070994.0,0.056668001601922306,36.59,2400.0,100.0,2400.0,17,603139,20260417
603516.SH,淳中科技,142.25,-9.996836444163247,9400.0,940000,140575539,0.00668679634228541,1600.0,160000.0,140575539,0.0011381781008145378,1.993040177159111,1,38/248,4117543745.0,19.923397852404072,0.0,0.0,0.0,279800,45103760.0,0.1376505972188607,161.2,200.0,600.0,2000.0,17,603516,20260417
603738.SH,泰晶科技,38.32,-3.7669512807634353,1600.0,160000,277280906,0.0005770321595818791,3800.0,380000.0,277280906,0.0013704513790069627,1.2054244098443023,1,38/248,7318692170.0,14.872848702799896,0.0,0.0,0.0,813700,32792110.0,0.2108645698212991,40.3,1100.0,900.0,1000.0,17,603738,20260417
603803.SH,瑞斯康达,14.3,-3.8332212508406087,19000.0,1900000,239492352,0.007933447494807684,300.0,30000.0,239492352,0.00012526496044433185,2.219233355749828,1,38/248,1683114573.0,14.913544668587896,0.0,0.0,0.0,1871400,28445280.0,0.44045008783430045,15.2,9300.0,25500.0,6000.0,17,603803,20260417
603906.SH,龙蟠科技,33.17,0.5456198848135789,7407054.0,740705400,326896851,2.265868874949793,500.0,50000.0,326896851,0.000152953446468042,1.5459230069718055,1,38/248,6860492120.0,16.153602031101247,0.0,0.0,0.0,1820600,60990100.0,0.3221850949193904,33.5,1000.0,100.0,700.0,17,603906,20260417
605006.SH,山东玻纤,11.69,-3.6273701566364487,32900.0,3290000,193492650,0.01700322983844606,1000.0,100000.0,193492650,0.0005168154966093027,-0.41220115416323866,1,38/248,1985190510.0,13.756613756613762,0.0,0.0,0.0,1917200,23159776.0,0.3195075735677271,12.08,1200.0,100.0,100.0,17,605006,20260417
605158.SH,华达新材,8.01,2.29885057471264,1900.0,190000,147273940,0.0012901128332683976,1000.0,100000.0,147273940,0.0006790067543517882,0.0,1,38/248,320284763.0,15.716272600834492,0.0,0.0,0.0,183600,1437588.0,0.03590004301748074,7.83,1400.0,9500.0,11600.0,17,605158,20260417
000007.SZ,全新好,15.51,10.0,1800.0,180000,230074655,0.0007823547535038138,2600.0,260000.0,230074655,0.0011300679772832866,0.07092198581559739,1,38/248,467594711.0,12.88475304223335,0.0,0.0,0.0,10700,150977.0,0.0030884861915976064,14.11,900.0,4300.0,500.0,33,000007,20260417
000553.SZ,安道麦A,6.82,10.000000000000002,23900.0,2390000,348934000,0.006849432844033542,18121700,1812170000.0,348934000,5.193446325092998,10.000000000000009,1,38/248,192168346.0,12.258064516129043,0.0,0.0,0.0,1705000,11628100.0,0.0783161985705258,6.82,1400.0,12800.0,50000.0,33,000553,20260417
000628.SZ,高新发展,66.18,10.00664893617023,1200.0,120000,165316285,0.0007258813008046969,2800.0,280000.0,165316285,0.0016937230352109594,-0.3158244680851019,1,38/248,2678094314.0,13.20153061224491,0.0,0.0,0.0,149900,8989503.0,0.07797602130706487,59.97,400.0,4200.0,300.0,33,000628,20260417
000783.SZ,长江证券,7.99,10.055096418732788,6600.0,660000,3146118532,0.00020978230581173793,92800.0,9280000.0,3146118532,0.0029496663605044363,8.1267217630854,1,38/248,3350047837.0,11.360448807854144,0.0,0.0,0.0,10962300,86054055.0,0.1982306581319983,7.85,691100.0,627800.0,110000.0,33,000783,20260417
000790.SZ,华神科技,4.57,10.120481927710841,11700.0,1170000,511183333,0.002288807017892346,1000.0,100000.0,511183333,0.00019562453144379024,2.409638554216853,1,38/248,355277434.09999996,15.538847117794488,0.0,0.0,0.0,683500,2904875.0,0.10977898440398638,4.25,36400.0,21000.0,100.0,33,000790,20260417
001218.SZ,丽臣实业,27.63,9.992038216560502,3800.0,380000,77573170,0.004898600895129076,675412.0,67541200.0,77573170,0.870677323100242,9.992038216560495,1,38/248,195448239.60000002,15.283483976992601,0.0,0.0,0.0,534188,14759614.0,0.4524671405509534,27.63,18000.0,100.0,100.0,33,001218,20260417
001270.SZ,*ST铖昌,140.35,4.997381611431142,52800.0,5280000,107398291,0.04916279347499114,50600.0,5060000.0,107398291,0.04711434374686651,0.0,1,38/248,2574275351.0,12.424037812288999,0.0,0.0,0.0,228100,30490127.0,0.11208869389158044,133.67,500.0,100.0,500.0,33,001270,20260417
002181.SZ,粤传媒,16.49,10.00667111407604,6800.0,680000,370053722,0.0018375710324567416,5520.0,552000.0,370053722,0.0014916753087001783,1.4009339559706513,1,38/248,4542262510.0,16.387726638772648,0.0,0.0,0.0,2481680,37721536.0,0.21873943049111597,15.2,6000.0,400.0,55900.0,33,002181,20260417
002207.SZ,*ST准油,6.87,5.045871559633029,2500.0,250000,182195622,0.0013721515218406291,1900.0,190000.0,182195622,0.0010428351565988782,3.3639143730886722,1,38/248,689285942.0,4.941860465116276,0.0,0.0,0.0,4791900,32393244.0,1.8373011354159836,6.76,52700.0,7000.0,1300.0,33,002207,20260417
002235.SZ,安妮股份,11.2,10.019646365422393,3900.0,390000,458285245,0.0008509983776588749,5000.0,500000.0,458285245,0.0010910235611011217,0.29469548133596035,1,38/248,2001567435.0,16.274309109518935,0.0,0.0,0.0,670400,6844784.0,0.12110301245152488,10.21,71900.0,35600.0,10600.0,33,002235,20260417
002591.SZ,恒大高新,8.36,9.999999999999996,14500.0,1450000,191952622,0.007553947348528534,39172200,3917220000.0,191952622,20.407223194898584,9.999999999999986,1,38/248,367984570.29999995,16.828929068150195,0.0,0.0,0.0,1530400,12794144.0,0.684704551283588,8.36,500.0,200.0,1000.0,33,002591,20260417
002640.SZ,跨境通,3.65,9.939759036144581,18100.0,1810000,1424252005,0.0012708425149803458,1163400.0,116340000.0,1424252005,0.08168498242696874,9.93975903614459,1,38/248,533836029.0,13.069908814589656,0.0,0.0,0.0,5659800,20658270.0,0.36555828288248926,3.65,23800.0,2600.0,251700.0,33,002640,20260417
002856.SZ,*ST美芝,13.78,5.03048780487805,5760.0,576000,79521355,0.007243337340013887,21345240,2134524000.0,79521355,26.84214825061771,5.030487804878048,1,38/248,214125702.8,8.079268292682917,0.0,0.0,0.0,1127260,15533643.0,0.9097817420477812,13.78,300.0,2000.0,200.0,33,002856,20260417
002870.SZ,香山股份,39.58,10.005558643690943,1400.0,140000,72299980,0.0019363767458856836,1100.0,110000.0,72299980,0.0015214388717673228,0.6670372429127269,1,38/248,584284947.0,11.404463799673374,0.0,0.0,0.0,4700,170234.0,0.003674069079424704,36.22,50800.0,2800.0,15000.0,33,002870,20260417
002929.SZ,润建股份,59.68,10.009216589861751,150072.0,15007200,156959399,0.09561198689350231,45049.0,4504900.0,158336303,0.028451466370286543,3.557603686635935,1,38/248,3047470610.0,10.677506775067744,0.0,0.0,0.0,463351,26031059.0,0.21862619746184003,56.18,16800.0,32000.0,3900.0,33,002929,20260417
300083.SZ,创世纪,10.19,20.023557126030617,1200.0,120000,1411549994,8.50129294109862e-05,292907.0,29290700.0,1411549994,0.02075073509581978,8.00942285041224,1,38/248,4761158342.0,23.93867924528301,0.0,0.0,0.0,3744193,34334250.0,0.2508612838664991,9.17,32900.0,52300.0,6800.0,33,300083,20260417
300885.SZ,海昌新材,28.64,19.98324256388772,700.0,70000,88608775,0.0007899894790329738,2700.0,270000.0,88608775,0.0030471022762700423,2.639296187683282,1,38/248,1171911353.0,25.179552175749897,0.0,0.0,0.0,93400,2288300.0,0.05592219151524441,24.5,200.0,100.0,8200.0,33,300885,20260417
600052.SH,东望时代,4.44,9.90099009900991,26500.0,2650000,515581371,0.005139828839936887,80100.0,8010000.0,515581371,0.015535860002979044,0.4950495049504955,1,38/248,711973004.0,9.885057471264384,0.0,0.0,0.0,269700,1094982.0,0.03194760484773027,4.06,23500.0,27700.0,137700.0,17,600052,20260417
600158.SH,中体产业,11.85,10.027855153203342,21500.0,2150000,692394885,0.003105164475615674,175568.0,17556800.0,692394885,0.025356628681622917,7.14948932219126,1,38/248,2148406507.0,16.776007497656977,0.0,0.0,0.0,4186832,48316041.0,0.4363496594257429,11.54,700.0,2500.0,61600.0,17,600158,20260417
600208.SH,衢州发展,4.55,9.903381642512082,52700.0,5270000,3673477791,0.001434607829373971,219800.0,21980000.0,3673477791,0.005983430757047417,1.6908212560386549,1,38/248,3066909727.0,11.267605633802805,0.0,0.0,0.0,2149300,9048553.0,0.025262176513737994,4.21,64900.0,11900.0,12400.0,17,600208,20260417
600246.SH,万通发展,11.28,10.048780487804873,600.0,60000,1540528287,3.8947678212935016e-05,76320.0,7632000.0,1540528287,0.004954144668685334,0.6829268292682933,1,38/248,3758996283.0,11.340206185567002,0.0,0.0,0.0,1379580,14237266.0,0.07297772404248563,10.32,29300.0,62600.0,486700.0,17,600246,20260417
600433.SH,冠豪高新,4.84,9.999999999999988,61300.0,6130000,1047863945,0.005849996108034808,8900.0,890000.0,1047863945,0.0008493469063867829,-1.363636363636378,1,38/248,2462859538.0,12.95454545454546,0.0,0.0,0.0,1444900,6270866.0,0.08255254206058446,4.34,93200.0,95500.0,486400.0,17,600433,20260417
600540.SH,新赛股份,5.58,10.059171597633132,1600.0,160000,382774001,0.00041800122156154487,1000.0,100000.0,382774001,0.00026125076347596553,4.930966469428011,1,38/248,444734462.0,15.139442231075694,0.0,0.0,0.0,881900,4691708.0,0.15169159782320923,5.32,5000.0,1800.0,20000.0,17,600540,20260417
601106.SH,中国一重,4.54,9.927360774818405,25000.0,2500000,2751530356,0.000908585287655827,37200.0,3720000.0,2751530356,0.0013519749080318705,0.7263922518159882,1,38/248,1181392052.0,11.722488038277518,0.0,0.0,0.0,249200,1036672.0,0.0036338274724162906,4.16,16400.0,66600.0,70300.0,17,601106,20260417
603045.SH,福达合金,46.68,9.990574929311975,700.0,70000,101226949,0.0006915154580031845,17932860,1793286000.0,101226949,17.715499851724267,9.990574929311968,1,38/248,727028056.0,18.756194251734392,0.0,0.0,0.0,443040,20681107.0,0.32709918638285734,46.68,3000.0,200.0,100.0,17,603045,20260417
603131.SH,上海沪工,22.52,10.014655593551542,400.0,40000,202457922,0.0001975719181786327,49300.0,4930000.0,202457922,0.02435073891551648,-0.09770395701025336,1,38/248,668950332.0,14.230019493177378,0.0,0.0,0.0,9800,200410.0,0.002908812699235119,20.45,400.0,400.0,400.0,17,603131,20260417
603178.SH,圣龙股份,19.46,10.005652911249289,2300.0,230000,93560739,0.00245829610217166,800.0,80000.0,93560739,0.0008550595137988382,-0.9609949123798867,1,38/248,1455712613.0,14.137931034482765,0.0,0.0,0.0,113800,1993776.0,0.04813632864754373,17.52,500.0,400.0,600.0,17,603178,20260417
603190.SH,亚通精工,28.33,10.01941747572815,8100.0,810000,40519480,0.0199903848716716,37500.0,3750000.0,40519480,0.09254807810959075,7.2233009708737805,1,38/248,223505227.0,13.111545988258309,0.0,0.0,0.0,158800,4384468.0,0.3862282674242578,27.61,200.0,600.0,600.0,17,603190,20260417
603398.SH,*ST沐邦,12.45,4.974704890387858,200.0,20000,281053440,7.116084400176707e-05,1864400.0,186440000.0,281053440,0.6633613877844726,4.974704890387849,1,38/248,268926603.0,12.857142857142852,0.0,0.0,0.0,545200,6787740.0,0.12572596714700227,12.45,1000.0,50300.0,500.0,22,603398,20260417
603559.SH,ST通脉,7.64,4.945054945054937,34500.0,3450000,287183956,0.012013205918787469,8900.0,890000.0,287183956,0.0030990589181799557,0.9615384615384581,1,38/248,165162351.0,10.126582278481008,0.0,0.0,0.0,63300,465255.0,0.015774640289045835,7.35,14600.0,1800.0,25000.0,22,603559,20260417
603687.SH,大胜达,17.18,9.987195902688864,111300.0,11130000,277459753,0.04011392600064774,3200.0,320000.0,277459753,0.0011533204240976888,-0.1280409731113874,1,38/248,3040974991.0,13.531553398058255,0.0,0.0,0.0,429500,6700200.0,0.07808638519167682,15.6,5400.0,200.0,9200.0,17,603687,20260417
603698.SH,航天工程,43.97,10.007505629221917,3500.0,350000,215062250,0.0016274357773156376,100.0,10000.0,215062250,4.649816506616108e-05,2.001501125844385,1,38/248,3873892667.0,13.586686537506207,0.0,0.0,0.0,330100,13458177.0,0.06158696990615497,40.77,600.0,300.0,200.0,17,603698,20260417
603711.SH,香飘飘,14.28,10.015408320493057,2500.0,250000,76806253,0.00325494331822176,4000.0,400000.0,76806253,0.005207909309154816,8.705701078582418,1,38/248,275214108.0,14.971977582065646,0.0,0.0,0.0,689200,9724612.0,0.16692739990229466,14.11,7400.0,3500.0,200.0,17,603711,20260417
603717.SH,天域生物,7.54,10.072992700729934,4100.0,410000,220555611,0.0018589415981804245,500.0,50000.0,220555611,0.00022670019490005175,0.7299270072992803,1,38/248,259134264.0,12.922173274596183,0.0,0.0,0.0,41700,287730.0,0.01437206286043893,6.9,22100.0,8100.0,10100.0,17,603717,20260417
605376.SH,博迁新材,131.58,9.998328038789507,100.0,10000,164785200,6.068506152251537e-05,300.0,30000.0,164785200,0.00018205518456754612,0.06687844841999357,1,38/248,4885489620.0,13.789915966386564,0.0,0.0,0.0,16600,1987020.0,0.006345565749235474,119.7,9000.0,1000.0,1900.0,17,605376,20260417
688521.SH,芯原股份,280.88,19.99829110949716,6335.0,633500,394438077,0.001606082264720097,42093.0,4209300.0,396021017,0.01062898134014943,11.077882684666985,1,38/248,20582100970.0,23.69856222112047,0.0,0.0,0.0,1432792,372525920.0,0.2724378000712674,260.0,200.0,506.0,5500.0,17,688521,20260417
